Industry,Tag,Subhead,Body,Tile1_Title,Tile1_Body,Tile2_Title,Tile2_Body,Tile3_Title,Tile3_Body,Tile4_Title,Tile4_Body,Footer
Schools & Education,SCHOOLS & EDUCATION,"Premium presentation folder for schools, colleges and education facilities.","Practical pest management with clear reporting, fast response and discreet service for busy learning environments.",FAST RESPONSE,Quick action when you need us most.,CLEAR REPORTING,Easy-to-understand reports with photo evidence and recommendations.,LICENSED & INSURED,"Fully licensed, insured and compliant with Australian standards.",TAILORED PROGRAMS,Custom pest management plans designed for your site's unique needs.,Smarter pest solutions for schools and education environments.
Child Care,CHILD CARE,Premium presentation folder for child care centres and early learning services.,"Child-safe pest management with clear reporting, fast response and servicing scheduled around your rooms and routines.",FAST RESPONSE,Quick action when you need us most.,CLEAR REPORTING,Easy-to-understand reports with photo evidence and recommendations.,LICENSED & INSURED,"Fully licensed, insured and compliant with Australian standards.",TAILORED PROGRAMS,Custom pest management plans designed for your site's unique needs.,Smarter pest solutions for child care and early learning environments.
Universities & TAFE,UNIVERSITIES & TAFE,"Premium presentation folder for universities, TAFE campuses and training colleges.","Multi-building pest management with clear reporting, fast response and scheduling that works around teaching timetables.",FAST RESPONSE,Quick action when you need us most.,CLEAR REPORTING,Easy-to-understand reports with photo evidence and recommendations.,LICENSED & INSURED,"Fully licensed, insured and compliant with Australian standards.",TAILORED PROGRAMS,Custom pest management plans designed for your site's unique needs.,Smarter pest solutions for university and campus environments.
Strata & Body Corporate,STRATA & BODY CORPORATE,Premium presentation folder for body corporate managers and committees.,"Common property pest management with committee-ready reporting, fast response and clear scope between common property and lots.",FAST RESPONSE,Quick action when you need us most.,CLEAR REPORTING,Easy-to-understand reports with photo evidence and recommendations.,LICENSED & INSURED,"Fully licensed, insured and compliant with Australian standards.",TAILORED PROGRAMS,Custom pest management plans designed for your site's unique needs.,Smarter pest solutions for strata and body corporate communities.
Residential Communities,RESIDENTIAL COMMUNITIES,Premium presentation folder for residential communities and lifestyle villages.,"Whole-of-community pest management with clear reporting, fast response and respectful service around residents.",FAST RESPONSE,Quick action when you need us most.,CLEAR REPORTING,Easy-to-understand reports with photo evidence and recommendations.,LICENSED & INSURED,"Fully licensed, insured and compliant with Australian standards.",TAILORED PROGRAMS,Custom pest management plans designed for your site's unique needs.,Smarter pest solutions for residential communities and lifestyle villages.
Shopping Centres & Retail,SHOPPING CENTRES,Premium presentation folder for centre managers and retail precincts.,"Centre-wide pest management with tenant coordination, clear reporting and servicing outside trading hours.",FAST RESPONSE,Quick action when you need us most.,CLEAR REPORTING,Easy-to-understand reports with photo evidence and recommendations.,LICENSED & INSURED,"Fully licensed, insured and compliant with Australian standards.",TAILORED PROGRAMS,Custom pest management plans designed for your site's unique needs.,Smarter pest solutions for shopping centres and retail precincts.
Factories & Offices,FACTORIES & OFFICES,"Premium presentation folder for factories, warehouses and office environments.","Practical pest management with clear reporting, fast response and servicing that works around production and staff.",FAST RESPONSE,Quick action when you need us most.,CLEAR REPORTING,Easy-to-understand reports with photo evidence and recommendations.,LICENSED & INSURED,"Fully licensed, insured and compliant with Australian standards.",TAILORED PROGRAMS,Custom pest management plans designed for your site's unique needs.,Smarter pest solutions for factories and office environments.
Medical Centres,MEDICAL CENTRES,Premium presentation folder for medical centres and healthcare practices.,"Clinically-aware pest management with accreditation-ready reporting, fast response and servicing outside consulting hours.",FAST RESPONSE,Quick action when you need us most.,CLEAR REPORTING,Easy-to-understand reports with photo evidence and recommendations.,LICENSED & INSURED,"Fully licensed, insured and compliant with Australian standards.",TAILORED PROGRAMS,Custom pest management plans designed for your site's unique needs.,Smarter pest solutions for medical and healthcare environments.
Dental Practices,DENTAL PRACTICES,Premium presentation folder for dental practices and specialist clinics.,"Clinically-aware pest management with compliance-ready reporting, fast response and servicing outside appointment hours.",FAST RESPONSE,Quick action when you need us most.,CLEAR REPORTING,Easy-to-understand reports with photo evidence and recommendations.,LICENSED & INSURED,"Fully licensed, insured and compliant with Australian standards.",TAILORED PROGRAMS,Custom pest management plans designed for your site's unique needs.,Smarter pest solutions for dental and clinical environments.
Aged Care & Retirement Living,AGED CARE,Premium presentation folder for aged care homes and retirement villages.,"Discreet, low-odour pest management with accreditation-ready reporting and servicing that works around residents.",FAST RESPONSE,Quick action when you need us most.,CLEAR REPORTING,Easy-to-understand reports with photo evidence and recommendations.,LICENSED & INSURED,"Fully licensed, insured and compliant with Australian standards.",TAILORED PROGRAMS,Custom pest management plans designed for your site's unique needs.,Smarter pest solutions for aged care and retirement living.
Hotels & Accommodation,HOTELS & ACCOMMODATION,"Premium presentation folder for hotels, resorts and accommodation providers.","Discreet, fast-response pest management across guest rooms and back of house, with documented room clearances.",FAST RESPONSE,Quick action when you need us most.,CLEAR REPORTING,Easy-to-understand reports with photo evidence and recommendations.,LICENSED & INSURED,"Fully licensed, insured and compliant with Australian standards.",TAILORED PROGRAMS,Custom pest management plans designed for your site's unique needs.,Smarter pest solutions for hotels and accommodation environments.
Restaurants & Food Premises,RESTAURANTS & CAFES,"Premium presentation folder for restaurants, cafes and commercial kitchens.","Documented kitchen pest programs with inspector-ready reporting, fast response and servicing outside trading hours.",FAST RESPONSE,Quick action when you need us most.,CLEAR REPORTING,Easy-to-understand reports with photo evidence and recommendations.,LICENSED & INSURED,"Fully licensed, insured and compliant with Australian standards.",TAILORED PROGRAMS,Custom pest management plans designed for your site's unique needs.,Smarter pest solutions for restaurants and food premises.
Taverns & Pubs,TAVERNS & PUBS,"Premium presentation folder for taverns, pubs, clubs and licensed venues.","Documented venue pest programs covering kitchens, cellars and gaming areas, serviced outside trading hours.",FAST RESPONSE,Quick action when you need us most.,CLEAR REPORTING,Easy-to-understand reports with photo evidence and recommendations.,LICENSED & INSURED,"Fully licensed, insured and compliant with Australian standards.",TAILORED PROGRAMS,Custom pest management plans designed for your site's unique needs.,Smarter pest solutions for taverns and licensed venues.
Government & Council,GOVERNMENT & COUNCIL,Premium presentation folder for government departments and council facilities.,"Tender-ready pest management across public buildings, with documented reporting and inducted, licensed technicians.",FAST RESPONSE,Quick action when you need us most.,CLEAR REPORTING,Easy-to-understand reports with photo evidence and recommendations.,LICENSED & INSURED,"Fully licensed, insured and compliant with Australian standards.",TAILORED PROGRAMS,Custom pest management plans designed for your site's unique needs.,Smarter pest solutions for government and council facilities.
