date,day,campaign,post,title,caption,facebook_image,instagram_image,story_image,square_image
2026-08-03,Mon,"Did You Know",001,"DID YOU KNOW?","Termites do more damage to Australian homes every year than fire, storms and floods combined — and most insurance policies won't cover a cent of it. 😳 A yearly inspection is the cheapest protection there is. Book yours today 👉 (07) 3113 9666",https://raw.githubusercontent.com/Buglif69/Bugboss/e725722536233a4d6cda52cae70e1f39325e3b6b/social-pack/facebook/post-001.jpg,https://raw.githubusercontent.com/Buglif69/Bugboss/e725722536233a4d6cda52cae70e1f39325e3b6b/social-pack/instagram-feed/post-001.jpg,https://raw.githubusercontent.com/Buglif69/Bugboss/e725722536233a4d6cda52cae70e1f39325e3b6b/social-pack/instagram-story/post-001.jpg,https://raw.githubusercontent.com/Buglif69/Bugboss/e725722536233a4d6cda52cae70e1f39325e3b6b/social-pack/square/post-001.jpg
2026-08-04,Tue,"Seasonal",008,"PESTS DON’T TAKE WINTER OFF.","Pests don't take winter off. ❄️ When Brisbane temperatures drop, rodents, cockroaches and spiders move indoors looking for warmth, food and shelter — your roof void, kitchen and garage. Protect your home before they settle in. 📞 (07) 3113 9666",https://raw.githubusercontent.com/Buglif69/Bugboss/e725722536233a4d6cda52cae70e1f39325e3b6b/social-pack/facebook/post-008.jpg,https://raw.githubusercontent.com/Buglif69/Bugboss/e725722536233a4d6cda52cae70e1f39325e3b6b/social-pack/instagram-feed/post-008.jpg,https://raw.githubusercontent.com/Buglif69/Bugboss/e725722536233a4d6cda52cae70e1f39325e3b6b/social-pack/instagram-story/post-008.jpg,https://raw.githubusercontent.com/Buglif69/Bugboss/e725722536233a4d6cda52cae70e1f39325e3b6b/social-pack/square/post-008.jpg
2026-08-05,Wed,"Services",012,"Queensland homes will be hit by termites.","1 in 3 Queensland homes will be hit by termites. We use Termatrac radar detection to find them inside your walls — no drilling, no guesswork. Australian Standards recommend an inspection every 12 months. When was yours? 📞 (07) 3113 9666",https://raw.githubusercontent.com/Buglif69/Bugboss/e725722536233a4d6cda52cae70e1f39325e3b6b/social-pack/facebook/post-012.jpg,https://raw.githubusercontent.com/Buglif69/Bugboss/e725722536233a4d6cda52cae70e1f39325e3b6b/social-pack/instagram-feed/post-012.jpg,https://raw.githubusercontent.com/Buglif69/Bugboss/e725722536233a4d6cda52cae70e1f39325e3b6b/social-pack/instagram-story/post-012.jpg,https://raw.githubusercontent.com/Buglif69/Bugboss/e725722536233a4d6cda52cae70e1f39325e3b6b/social-pack/square/post-012.jpg
2026-08-06,Thu,"Services",014,"IS SOMETHING LIVING IN YOUR ROOF?","Is something living in your roof? 👂 Scratching at night, droppings in the pantry, gnaw marks on cables, a musky smell, pets staring at the ceiling… tick any of these and it's time to call. Roof rats multiply fast. 📞 (07) 3113 9666",https://raw.githubusercontent.com/Buglif69/Bugboss/e725722536233a4d6cda52cae70e1f39325e3b6b/social-pack/facebook/post-014.jpg,https://raw.githubusercontent.com/Buglif69/Bugboss/e725722536233a4d6cda52cae70e1f39325e3b6b/social-pack/instagram-feed/post-014.jpg,https://raw.githubusercontent.com/Buglif69/Bugboss/e725722536233a4d6cda52cae70e1f39325e3b6b/social-pack/instagram-story/post-014.jpg,https://raw.githubusercontent.com/Buglif69/Bugboss/e725722536233a4d6cda52cae70e1f39325e3b6b/social-pack/square/post-014.jpg
2026-08-07,Fri,"Trust & Offers",018,"five-star reviews. And counting.","1,200+ five-star reviews. ⭐⭐⭐⭐⭐ Family owned, 20+ years in Brisbane, fully licensed and insured. Locals don't leave reviews like that for average work. See why Brisbane keeps calling us back. 📞 (07) 3113 9666",https://raw.githubusercontent.com/Buglif69/Bugboss/e725722536233a4d6cda52cae70e1f39325e3b6b/social-pack/facebook/post-018.jpg,https://raw.githubusercontent.com/Buglif69/Bugboss/e725722536233a4d6cda52cae70e1f39325e3b6b/social-pack/instagram-feed/post-018.jpg,https://raw.githubusercontent.com/Buglif69/Bugboss/e725722536233a4d6cda52cae70e1f39325e3b6b/social-pack/instagram-story/post-018.jpg,https://raw.githubusercontent.com/Buglif69/Bugboss/e725722536233a4d6cda52cae70e1f39325e3b6b/social-pack/square/post-018.jpg
2026-08-08,Sat,"Myth-Busting",022,"MYTH: “SURFACE SPRAY KILLS TERMITES.”","MYTH: ""Surface spray kills termites."" FACT: it just makes them harder to find. Disturbed termites abandon the area — then quietly tunnel somewhere else in your home. Found termites? Don't touch them. Call us first for free advice. 📞 (07) 3113 9666",https://raw.githubusercontent.com/Buglif69/Bugboss/e725722536233a4d6cda52cae70e1f39325e3b6b/social-pack/facebook/post-022.jpg,https://raw.githubusercontent.com/Buglif69/Bugboss/e725722536233a4d6cda52cae70e1f39325e3b6b/social-pack/instagram-feed/post-022.jpg,https://raw.githubusercontent.com/Buglif69/Bugboss/e725722536233a4d6cda52cae70e1f39325e3b6b/social-pack/instagram-story/post-022.jpg,https://raw.githubusercontent.com/Buglif69/Bugboss/e725722536233a4d6cda52cae70e1f39325e3b6b/social-pack/square/post-022.jpg
2026-08-09,Sun,"Pro Tips",025,"MAKE YOUR HOME BORING TO PESTS.","Make your home boring to pests. 🏠 Seal the gaps, trim branches off the roofline, fix leaking taps, seal your food — and book one professional treatment a year. Do the five, we'll handle the rest. 📞 (07) 3113 9666",https://raw.githubusercontent.com/Buglif69/Bugboss/e725722536233a4d6cda52cae70e1f39325e3b6b/social-pack/facebook/post-025.jpg,https://raw.githubusercontent.com/Buglif69/Bugboss/e725722536233a4d6cda52cae70e1f39325e3b6b/social-pack/instagram-feed/post-025.jpg,https://raw.githubusercontent.com/Buglif69/Bugboss/e725722536233a4d6cda52cae70e1f39325e3b6b/social-pack/instagram-story/post-025.jpg,https://raw.githubusercontent.com/Buglif69/Bugboss/e725722536233a4d6cda52cae70e1f39325e3b6b/social-pack/square/post-025.jpg
2026-08-10,Mon,"Suburb Spotlight",038,"Suburb: North Lakes","North Lakes! 🏡 New estates + bushland edges = termite pressure from day one. Your local team covers North Lakes & Mango Hill — inspections, barriers, treatments. 📞 (07) 3113 9666 #NorthLakes #BrisbanePestControl #SlugABug",https://raw.githubusercontent.com/Buglif69/Bugboss/e725722536233a4d6cda52cae70e1f39325e3b6b/social-pack/facebook/post-038.jpg,https://raw.githubusercontent.com/Buglif69/Bugboss/e725722536233a4d6cda52cae70e1f39325e3b6b/social-pack/instagram-feed/post-038.jpg,https://raw.githubusercontent.com/Buglif69/Bugboss/e725722536233a4d6cda52cae70e1f39325e3b6b/social-pack/instagram-story/post-038.jpg,https://raw.githubusercontent.com/Buglif69/Bugboss/e725722536233a4d6cda52cae70e1f39325e3b6b/social-pack/square/post-038.jpg
2026-08-11,Tue,"Commercial",048,"Commercial: childcare centres","Childcare directors: pest control should be invisible to the kids and obvious to the auditor. After-hours treatments, child-safe products, full documentation. 📞 (07) 3113 9666 #Childcare #CompliantPestControl #SlugABug",https://raw.githubusercontent.com/Buglif69/Bugboss/e725722536233a4d6cda52cae70e1f39325e3b6b/social-pack/facebook/post-048.jpg,https://raw.githubusercontent.com/Buglif69/Bugboss/e725722536233a4d6cda52cae70e1f39325e3b6b/social-pack/instagram-feed/post-048.jpg,https://raw.githubusercontent.com/Buglif69/Bugboss/e725722536233a4d6cda52cae70e1f39325e3b6b/social-pack/instagram-story/post-048.jpg,https://raw.githubusercontent.com/Buglif69/Bugboss/e725722536233a4d6cda52cae70e1f39325e3b6b/social-pack/square/post-048.jpg
2026-08-12,Wed,"Q&A",089,"Q&A: how often?","“How often do I actually need pest control?” For most Brisbane homes: once every 12 months — general treatment + termite inspection. We’ll remind you when it’s due. 🗓️ 📞 (07) 3113 9666 #AskSlugABug #PestControl101 #SlugABug",https://raw.githubusercontent.com/Buglif69/Bugboss/e725722536233a4d6cda52cae70e1f39325e3b6b/social-pack/facebook/post-089.jpg,https://raw.githubusercontent.com/Buglif69/Bugboss/e725722536233a4d6cda52cae70e1f39325e3b6b/social-pack/instagram-feed/post-089.jpg,https://raw.githubusercontent.com/Buglif69/Bugboss/e725722536233a4d6cda52cae70e1f39325e3b6b/social-pack/instagram-story/post-089.jpg,https://raw.githubusercontent.com/Buglif69/Bugboss/e725722536233a4d6cda52cae70e1f39325e3b6b/social-pack/square/post-089.jpg
2026-08-13,Thu,"Did You Know",002,"A ROACH CAN LIVE A WEEK WITHOUT ITS HEAD.","A cockroach can live a WEEK without its head. 🪳 Imagine what it can survive under your fridge. If you're seeing roaches in daylight, there are hundreds you don't see. One treatment, 30-day guarantee. 📞 (07) 3113 9666",https://raw.githubusercontent.com/Buglif69/Bugboss/e725722536233a4d6cda52cae70e1f39325e3b6b/social-pack/facebook/post-002.jpg,https://raw.githubusercontent.com/Buglif69/Bugboss/e725722536233a4d6cda52cae70e1f39325e3b6b/social-pack/instagram-feed/post-002.jpg,https://raw.githubusercontent.com/Buglif69/Bugboss/e725722536233a4d6cda52cae70e1f39325e3b6b/social-pack/instagram-story/post-002.jpg,https://raw.githubusercontent.com/Buglif69/Bugboss/e725722536233a4d6cda52cae70e1f39325e3b6b/social-pack/square/post-002.jpg
2026-08-14,Fri,"Seasonal",009,"FLYING ANTS AT DUSK?","🚨 Seen ""flying ants"" at dusk? That's probably a termite swarm — and it means a mature nest is nearby, possibly already in your walls. Don't spray them. Don't touch them. Call us before they disappear. 📞 (07) 3113 9666",https://raw.githubusercontent.com/Buglif69/Bugboss/e725722536233a4d6cda52cae70e1f39325e3b6b/social-pack/facebook/post-009.jpg,https://raw.githubusercontent.com/Buglif69/Bugboss/e725722536233a4d6cda52cae70e1f39325e3b6b/social-pack/instagram-feed/post-009.jpg,https://raw.githubusercontent.com/Buglif69/Bugboss/e725722536233a4d6cda52cae70e1f39325e3b6b/social-pack/instagram-story/post-009.jpg,https://raw.githubusercontent.com/Buglif69/Bugboss/e725722536233a4d6cda52cae70e1f39325e3b6b/social-pack/square/post-009.jpg
2026-08-15,Sat,"Services",013,"ONE VISIT. EVERY PEST.","One visit. Every pest. ✅ Cockroaches ✅ Spiders ✅ Ants ✅ Silverfish & wasps — all covered in one general treatment, backed by our 30-day guarantee. Afterpay available. 📞 (07) 3113 9666",https://raw.githubusercontent.com/Buglif69/Bugboss/e725722536233a4d6cda52cae70e1f39325e3b6b/social-pack/facebook/post-013.jpg,https://raw.githubusercontent.com/Buglif69/Bugboss/e725722536233a4d6cda52cae70e1f39325e3b6b/social-pack/instagram-feed/post-013.jpg,https://raw.githubusercontent.com/Buglif69/Bugboss/e725722536233a4d6cda52cae70e1f39325e3b6b/social-pack/instagram-story/post-013.jpg,https://raw.githubusercontent.com/Buglif69/Bugboss/e725722536233a4d6cda52cae70e1f39325e3b6b/social-pack/square/post-013.jpg
2026-08-16,Sun,"Services",023,"5 SIGNS TERMITES ARE ALREADY HOME.","5 signs termites are already home: mud tubes on walls, sticking doors and windows, hollow-sounding timber, blistering paint, discarded wings on the sills. Spotted one? Don't disturb it — early detection saves thousands. 📞 (07) 3113 9666",https://raw.githubusercontent.com/Buglif69/Bugboss/e725722536233a4d6cda52cae70e1f39325e3b6b/social-pack/facebook/post-023.jpg,https://raw.githubusercontent.com/Buglif69/Bugboss/e725722536233a4d6cda52cae70e1f39325e3b6b/social-pack/instagram-feed/post-023.jpg,https://raw.githubusercontent.com/Buglif69/Bugboss/e725722536233a4d6cda52cae70e1f39325e3b6b/social-pack/instagram-story/post-023.jpg,https://raw.githubusercontent.com/Buglif69/Bugboss/e725722536233a4d6cda52cae70e1f39325e3b6b/social-pack/square/post-023.jpg
2026-08-17,Mon,"Trust & Offers",019,"NOT HAPPY? WE RE-TREAT FREE.","Our 30-day guarantee, in plain English: not happy? We re-treat FREE. Still not happy? Full refund + $25 for your trouble. No fine print, no hoops — just pest control that has to work. 📞 (07) 3113 9666",https://raw.githubusercontent.com/Buglif69/Bugboss/e725722536233a4d6cda52cae70e1f39325e3b6b/social-pack/facebook/post-019.jpg,https://raw.githubusercontent.com/Buglif69/Bugboss/e725722536233a4d6cda52cae70e1f39325e3b6b/social-pack/instagram-feed/post-019.jpg,https://raw.githubusercontent.com/Buglif69/Bugboss/e725722536233a4d6cda52cae70e1f39325e3b6b/social-pack/instagram-story/post-019.jpg,https://raw.githubusercontent.com/Buglif69/Bugboss/e725722536233a4d6cda52cae70e1f39325e3b6b/social-pack/square/post-019.jpg
2026-08-18,Tue,"Myth-Busting",024,"SUPERMARKET SPRAYS KILL THE ONES YOU SEE.","Supermarket sprays kill the ones you see. We stop the thousands you don't. 🎯 Nests, egg cases, trails and entry points — a professional treatment breaks the breeding cycle instead of the surface. Stop repeat-buying spray cans. 📞 (07) 3113 9666",https://raw.githubusercontent.com/Buglif69/Bugboss/e725722536233a4d6cda52cae70e1f39325e3b6b/social-pack/facebook/post-024.jpg,https://raw.githubusercontent.com/Buglif69/Bugboss/e725722536233a4d6cda52cae70e1f39325e3b6b/social-pack/instagram-feed/post-024.jpg,https://raw.githubusercontent.com/Buglif69/Bugboss/e725722536233a4d6cda52cae70e1f39325e3b6b/social-pack/instagram-story/post-024.jpg,https://raw.githubusercontent.com/Buglif69/Bugboss/e725722536233a4d6cda52cae70e1f39325e3b6b/social-pack/square/post-024.jpg
2026-08-19,Wed,"Pro Tips",071,"Pantry moth eviction checklist","Little moths flying out of the pantry? Webbing in the flour? Eviction time: bin it, airtight everything, vinegar-wipe, freeze new bulk buys. Still fluttering — call us. 📞 (07) 3113 9666 #PantryMoths #KitchenTips #SlugABug",https://raw.githubusercontent.com/Buglif69/Bugboss/e725722536233a4d6cda52cae70e1f39325e3b6b/social-pack/facebook/post-071.jpg,https://raw.githubusercontent.com/Buglif69/Bugboss/e725722536233a4d6cda52cae70e1f39325e3b6b/social-pack/instagram-feed/post-071.jpg,https://raw.githubusercontent.com/Buglif69/Bugboss/e725722536233a4d6cda52cae70e1f39325e3b6b/social-pack/instagram-story/post-071.jpg,https://raw.githubusercontent.com/Buglif69/Bugboss/e725722536233a4d6cda52cae70e1f39325e3b6b/social-pack/square/post-071.jpg
2026-08-20,Thu,"Suburb Spotlight",039,"Suburb: Chermside","Chermside! Units and townhouses share more than walls — roaches and ants travel between neighbours fast. We treat single units or whole complexes. 📞 (07) 3113 9666 #Chermside #BrisbanePestControl #SlugABug",https://raw.githubusercontent.com/Buglif69/Bugboss/e725722536233a4d6cda52cae70e1f39325e3b6b/social-pack/facebook/post-039.jpg,https://raw.githubusercontent.com/Buglif69/Bugboss/e725722536233a4d6cda52cae70e1f39325e3b6b/social-pack/instagram-feed/post-039.jpg,https://raw.githubusercontent.com/Buglif69/Bugboss/e725722536233a4d6cda52cae70e1f39325e3b6b/social-pack/instagram-story/post-039.jpg,https://raw.githubusercontent.com/Buglif69/Bugboss/e725722536233a4d6cda52cae70e1f39325e3b6b/social-pack/square/post-039.jpg
2026-08-21,Fri,"Commercial",049,"Commercial: aged care","Aged care facilities run on zero-tolerance standards — so do we. Discreet scheduled treatments, sensitive-environment products, accreditation-ready docs. 📞 (07) 3113 9666 #AgedCare #FacilityManagement #SlugABug",https://raw.githubusercontent.com/Buglif69/Bugboss/e725722536233a4d6cda52cae70e1f39325e3b6b/social-pack/facebook/post-049.jpg,https://raw.githubusercontent.com/Buglif69/Bugboss/e725722536233a4d6cda52cae70e1f39325e3b6b/social-pack/instagram-feed/post-049.jpg,https://raw.githubusercontent.com/Buglif69/Bugboss/e725722536233a4d6cda52cae70e1f39325e3b6b/social-pack/instagram-story/post-049.jpg,https://raw.githubusercontent.com/Buglif69/Bugboss/e725722536233a4d6cda52cae70e1f39325e3b6b/social-pack/square/post-049.jpg
2026-08-22,Sat,"Q&A",090,"Q&A: safe for pets?","“Is it safe for my pets?” Yes — pet-considerate products, bowls and tanks covered, and clear drying times before paws hit floors. Tell us about your crew when you book. 🐕 📞 (07) 3113 9666 #AskSlugABug #PetSafe #SlugABug",https://raw.githubusercontent.com/Buglif69/Bugboss/e725722536233a4d6cda52cae70e1f39325e3b6b/social-pack/facebook/post-090.jpg,https://raw.githubusercontent.com/Buglif69/Bugboss/e725722536233a4d6cda52cae70e1f39325e3b6b/social-pack/instagram-feed/post-090.jpg,https://raw.githubusercontent.com/Buglif69/Bugboss/e725722536233a4d6cda52cae70e1f39325e3b6b/social-pack/instagram-story/post-090.jpg,https://raw.githubusercontent.com/Buglif69/Bugboss/e725722536233a4d6cda52cae70e1f39325e3b6b/social-pack/square/post-090.jpg
2026-08-23,Sun,"Did You Know",003,"SPRAYING ONE ANT DOES NOTHING.","Spraying one ant does nothing — they follow an invisible scent trail, and thousands more are already on the way. We treat the trail, the nest and the entry points. Ants keep coming back? We end the trail. 📞 (07) 3113 9666",https://raw.githubusercontent.com/Buglif69/Bugboss/e725722536233a4d6cda52cae70e1f39325e3b6b/social-pack/facebook/post-003.jpg,https://raw.githubusercontent.com/Buglif69/Bugboss/e725722536233a4d6cda52cae70e1f39325e3b6b/social-pack/instagram-feed/post-003.jpg,https://raw.githubusercontent.com/Buglif69/Bugboss/e725722536233a4d6cda52cae70e1f39325e3b6b/social-pack/instagram-story/post-003.jpg,https://raw.githubusercontent.com/Buglif69/Bugboss/e725722536233a4d6cda52cae70e1f39325e3b6b/social-pack/square/post-003.jpg
2026-08-24,Mon,"Seasonal",010,"AFTER THE RAIN, THE ANTS MOVE IN.","Ever noticed ants invade your kitchen the day after a downpour? ⛈️ Flooded nests send whole colonies looking for higher, drier ground — aka your house. A perimeter treatment keeps them out all storm season. 📞 (07) 3113 9666",https://raw.githubusercontent.com/Buglif69/Bugboss/e725722536233a4d6cda52cae70e1f39325e3b6b/social-pack/facebook/post-010.jpg,https://raw.githubusercontent.com/Buglif69/Bugboss/e725722536233a4d6cda52cae70e1f39325e3b6b/social-pack/instagram-feed/post-010.jpg,https://raw.githubusercontent.com/Buglif69/Bugboss/e725722536233a4d6cda52cae70e1f39325e3b6b/social-pack/instagram-story/post-010.jpg,https://raw.githubusercontent.com/Buglif69/Bugboss/e725722536233a4d6cda52cae70e1f39325e3b6b/social-pack/square/post-010.jpg
2026-08-25,Tue,"Services",015,"A BARRIER THEY CAN’T CROSS.","A barrier they can't cross. 🛡️ Sentricon, Trelona ATBS and Australian-Standard chemical barriers — the right system for your block, installed by licensed techs. Protection that works while you sleep. 📞 (07) 3113 9666",https://raw.githubusercontent.com/Buglif69/Bugboss/e725722536233a4d6cda52cae70e1f39325e3b6b/social-pack/facebook/post-015.jpg,https://raw.githubusercontent.com/Buglif69/Bugboss/e725722536233a4d6cda52cae70e1f39325e3b6b/social-pack/instagram-feed/post-015.jpg,https://raw.githubusercontent.com/Buglif69/Bugboss/e725722536233a4d6cda52cae70e1f39325e3b6b/social-pack/instagram-story/post-015.jpg,https://raw.githubusercontent.com/Buglif69/Bugboss/e725722536233a4d6cda52cae70e1f39325e3b6b/social-pack/square/post-015.jpg
2026-08-26,Wed,"Trust & Offers",020,"FAMILY OWNED. BRISBANE GROWN.","Family owned. Brisbane grown. 🌱 20+ years keeping local homes pest-free — no call centres, no franchises. The techs who quote your job are the ones who turn up. Real people, real guarantees. 📞 (07) 3113 9666",https://raw.githubusercontent.com/Buglif69/Bugboss/e725722536233a4d6cda52cae70e1f39325e3b6b/social-pack/facebook/post-020.jpg,https://raw.githubusercontent.com/Buglif69/Bugboss/e725722536233a4d6cda52cae70e1f39325e3b6b/social-pack/instagram-feed/post-020.jpg,https://raw.githubusercontent.com/Buglif69/Bugboss/e725722536233a4d6cda52cae70e1f39325e3b6b/social-pack/instagram-story/post-020.jpg,https://raw.githubusercontent.com/Buglif69/Bugboss/e725722536233a4d6cda52cae70e1f39325e3b6b/social-pack/square/post-020.jpg
2026-08-27,Thu,"Myth-Busting",064,"Myth: clean homes don’t get pests","MYTH: “Clean homes don’t get pests.” FACT: pests come for warmth, water and shelter — not mess. The tidiest home in Brisbane still qualifies. 📞 (07) 3113 9666 #MythBusted #BrisbanePestControl #SlugABug",https://raw.githubusercontent.com/Buglif69/Bugboss/e725722536233a4d6cda52cae70e1f39325e3b6b/social-pack/facebook/post-064.jpg,https://raw.githubusercontent.com/Buglif69/Bugboss/e725722536233a4d6cda52cae70e1f39325e3b6b/social-pack/instagram-feed/post-064.jpg,https://raw.githubusercontent.com/Buglif69/Bugboss/e725722536233a4d6cda52cae70e1f39325e3b6b/social-pack/instagram-story/post-064.jpg,https://raw.githubusercontent.com/Buglif69/Bugboss/e725722536233a4d6cda52cae70e1f39325e3b6b/social-pack/square/post-064.jpg
2026-08-28,Fri,"Pro Tips",072,"Pest-proof yard in 5 moves","Five free yard upgrades that genuinely cut pests: no standing water, firewood off the ground, regular mowing, sealed bins, mulch pulled back from walls. Then we seal the rest. 🌱 📞 (07) 3113 9666 #YardTips #BrisbaneGardens #SlugABug",https://raw.githubusercontent.com/Buglif69/Bugboss/e725722536233a4d6cda52cae70e1f39325e3b6b/social-pack/facebook/post-072.jpg,https://raw.githubusercontent.com/Buglif69/Bugboss/e725722536233a4d6cda52cae70e1f39325e3b6b/social-pack/instagram-feed/post-072.jpg,https://raw.githubusercontent.com/Buglif69/Bugboss/e725722536233a4d6cda52cae70e1f39325e3b6b/social-pack/instagram-story/post-072.jpg,https://raw.githubusercontent.com/Buglif69/Bugboss/e725722536233a4d6cda52cae70e1f39325e3b6b/social-pack/square/post-072.jpg
2026-08-29,Sat,"Suburb Spotlight",040,"Suburb: Redcliffe Peninsula","Redcliffe Peninsula — Scarborough to Clontarf! 🌊 Older Queenslanders + coastal conditions are exactly what termites like. Local techs who know the peninsula. 📞 (07) 3113 9666 #Redcliffe #PeninsulaLocals #SlugABug",https://raw.githubusercontent.com/Buglif69/Bugboss/e725722536233a4d6cda52cae70e1f39325e3b6b/social-pack/facebook/post-040.jpg,https://raw.githubusercontent.com/Buglif69/Bugboss/e725722536233a4d6cda52cae70e1f39325e3b6b/social-pack/instagram-feed/post-040.jpg,https://raw.githubusercontent.com/Buglif69/Bugboss/e725722536233a4d6cda52cae70e1f39325e3b6b/social-pack/instagram-story/post-040.jpg,https://raw.githubusercontent.com/Buglif69/Bugboss/e725722536233a4d6cda52cae70e1f39325e3b6b/social-pack/square/post-040.jpg
2026-08-30,Sun,"Commercial",050,"Commercial: schools","Schools: major pest work in the holidays, rapid response during term (looking at you, oval wasp nest 🐝), and records your admin will love. 📞 (07) 3113 9666 #Schools #FacilitiesManagement #SlugABug",https://raw.githubusercontent.com/Buglif69/Bugboss/e725722536233a4d6cda52cae70e1f39325e3b6b/social-pack/facebook/post-050.jpg,https://raw.githubusercontent.com/Buglif69/Bugboss/e725722536233a4d6cda52cae70e1f39325e3b6b/social-pack/instagram-feed/post-050.jpg,https://raw.githubusercontent.com/Buglif69/Bugboss/e725722536233a4d6cda52cae70e1f39325e3b6b/social-pack/instagram-story/post-050.jpg,https://raw.githubusercontent.com/Buglif69/Bugboss/e725722536233a4d6cda52cae70e1f39325e3b6b/social-pack/square/post-050.jpg
2026-08-31,Mon,"Q&A",091,"Q&A: how long does it take?","“How long does a treatment take?” Most homes: about 1–2 hours, in and out — inside, outside, roof void, perimeter. Book it in a lunch break. ⏱️ 📞 (07) 3113 9666 #AskSlugABug #PestControl101 #SlugABug",https://raw.githubusercontent.com/Buglif69/Bugboss/e725722536233a4d6cda52cae70e1f39325e3b6b/social-pack/facebook/post-091.jpg,https://raw.githubusercontent.com/Buglif69/Bugboss/e725722536233a4d6cda52cae70e1f39325e3b6b/social-pack/instagram-feed/post-091.jpg,https://raw.githubusercontent.com/Buglif69/Bugboss/e725722536233a4d6cda52cae70e1f39325e3b6b/social-pack/instagram-story/post-091.jpg,https://raw.githubusercontent.com/Buglif69/Bugboss/e725722536233a4d6cda52cae70e1f39325e3b6b/social-pack/square/post-091.jpg
2026-09-01,Tue,"Did You Know",004,"REDBACKS LOVE YOUR METER BOX.","Redbacks love your meter box. And your letterbox. And that pair of gloves in the shed. 🕷️ Bites spike in the warm months — a perimeter treatment keeps sheds, fences and play equipment clear. Kids and pets outside? Get the yard treated. 📞 (07) 3113 9666",https://raw.githubusercontent.com/Buglif69/Bugboss/e725722536233a4d6cda52cae70e1f39325e3b6b/social-pack/facebook/post-004.jpg,https://raw.githubusercontent.com/Buglif69/Bugboss/e725722536233a4d6cda52cae70e1f39325e3b6b/social-pack/instagram-feed/post-004.jpg,https://raw.githubusercontent.com/Buglif69/Bugboss/e725722536233a4d6cda52cae70e1f39325e3b6b/social-pack/instagram-story/post-004.jpg,https://raw.githubusercontent.com/Buglif69/Bugboss/e725722536233a4d6cda52cae70e1f39325e3b6b/social-pack/square/post-004.jpg
2026-09-02,Wed,"Seasonal",011,"HEAT + HUMIDITY = COCKROACH SEASON.","Heat + humidity = cockroach season. Brisbane summers are a roach's dream — warmth speeds up breeding, and one female's family tree can hit 30,000 in a year. 🥵 Get ahead of them before it peaks. 📞 (07) 3113 9666",https://raw.githubusercontent.com/Buglif69/Bugboss/e725722536233a4d6cda52cae70e1f39325e3b6b/social-pack/facebook/post-011.jpg,https://raw.githubusercontent.com/Buglif69/Bugboss/e725722536233a4d6cda52cae70e1f39325e3b6b/social-pack/instagram-feed/post-011.jpg,https://raw.githubusercontent.com/Buglif69/Bugboss/e725722536233a4d6cda52cae70e1f39325e3b6b/social-pack/instagram-story/post-011.jpg,https://raw.githubusercontent.com/Buglif69/Bugboss/e725722536233a4d6cda52cae70e1f39325e3b6b/social-pack/square/post-011.jpg
2026-09-03,Thu,"Services",016,"ONE ROACH CAN CLOSE A KITCHEN.","One roach can close a kitchen. For cafés, restaurants and food businesses we deliver scheduled treatments, full reporting and audit-ready compliance documentation — so inspectors find nothing, and neither do your customers. 📞 (07) 3113 9666",https://raw.githubusercontent.com/Buglif69/Bugboss/e725722536233a4d6cda52cae70e1f39325e3b6b/social-pack/facebook/post-016.jpg,https://raw.githubusercontent.com/Buglif69/Bugboss/e725722536233a4d6cda52cae70e1f39325e3b6b/social-pack/instagram-feed/post-016.jpg,https://raw.githubusercontent.com/Buglif69/Bugboss/e725722536233a4d6cda52cae70e1f39325e3b6b/social-pack/instagram-story/post-016.jpg,https://raw.githubusercontent.com/Buglif69/Bugboss/e725722536233a4d6cda52cae70e1f39325e3b6b/social-pack/square/post-016.jpg
2026-09-04,Fri,"Trust & Offers",021,"FULLY LICENSED. FULLY INSURED. FULLY GUARANT","Fully licensed (QLD Pest PMT 1004307814 · QBCC 1122314), fully insured, fully guaranteed. And yes — Afterpay is available, because pest control shouldn't have to wait for payday. 📞 (07) 3113 9666",https://raw.githubusercontent.com/Buglif69/Bugboss/e725722536233a4d6cda52cae70e1f39325e3b6b/social-pack/facebook/post-021.jpg,https://raw.githubusercontent.com/Buglif69/Bugboss/e725722536233a4d6cda52cae70e1f39325e3b6b/social-pack/instagram-feed/post-021.jpg,https://raw.githubusercontent.com/Buglif69/Bugboss/e725722536233a4d6cda52cae70e1f39325e3b6b/social-pack/instagram-story/post-021.jpg,https://raw.githubusercontent.com/Buglif69/Bugboss/e725722536233a4d6cda52cae70e1f39325e3b6b/social-pack/square/post-021.jpg
2026-09-05,Sat,"Myth-Busting",065,"Myth: the cat will handle it","MYTH: “The cat will handle it.” FACT: one pair of rats can produce 200+ descendants a year. Mittens is doing her best — she’s outnumbered. 🐱 📞 (07) 3113 9666 #MythBusted #RodentControl #SlugABug",https://raw.githubusercontent.com/Buglif69/Bugboss/e725722536233a4d6cda52cae70e1f39325e3b6b/social-pack/facebook/post-065.jpg,https://raw.githubusercontent.com/Buglif69/Bugboss/e725722536233a4d6cda52cae70e1f39325e3b6b/social-pack/instagram-feed/post-065.jpg,https://raw.githubusercontent.com/Buglif69/Bugboss/e725722536233a4d6cda52cae70e1f39325e3b6b/social-pack/instagram-story/post-065.jpg,https://raw.githubusercontent.com/Buglif69/Bugboss/e725722536233a4d6cda52cae70e1f39325e3b6b/social-pack/square/post-065.jpg
2026-09-06,Sun,"Pro Tips",073,"Bond back, fleas gone","Moving out with pets? Most leases require a professional flea treatment — we do fast end-of-lease visits with the receipt your property manager wants. 🏡 📞 (07) 3113 9666 #EndOfLease #BrisbaneRentals #SlugABug",https://raw.githubusercontent.com/Buglif69/Bugboss/e725722536233a4d6cda52cae70e1f39325e3b6b/social-pack/facebook/post-073.jpg,https://raw.githubusercontent.com/Buglif69/Bugboss/e725722536233a4d6cda52cae70e1f39325e3b6b/social-pack/instagram-feed/post-073.jpg,https://raw.githubusercontent.com/Buglif69/Bugboss/e725722536233a4d6cda52cae70e1f39325e3b6b/social-pack/instagram-story/post-073.jpg,https://raw.githubusercontent.com/Buglif69/Bugboss/e725722536233a4d6cda52cae70e1f39325e3b6b/social-pack/square/post-073.jpg
2026-09-07,Mon,"Suburb Spotlight",041,"Suburb: Strathpine","Strathpine, Bray Park & Warner! 🌳 Leafy blocks bring spiders to the fence line and rodents to the roof each winter. One yearly treatment keeps it all calm. 📞 (07) 3113 9666 #Strathpine #PineRivers #SlugABug",https://raw.githubusercontent.com/Buglif69/Bugboss/e725722536233a4d6cda52cae70e1f39325e3b6b/social-pack/facebook/post-041.jpg,https://raw.githubusercontent.com/Buglif69/Bugboss/e725722536233a4d6cda52cae70e1f39325e3b6b/social-pack/instagram-feed/post-041.jpg,https://raw.githubusercontent.com/Buglif69/Bugboss/e725722536233a4d6cda52cae70e1f39325e3b6b/social-pack/instagram-story/post-041.jpg,https://raw.githubusercontent.com/Buglif69/Bugboss/e725722536233a4d6cda52cae70e1f39325e3b6b/social-pack/square/post-041.jpg
2026-09-08,Tue,"Commercial",051,"Commercial: hospitality reviews","Hospitality friends: one roach near a table becomes a Google review headline. Scheduled programs invisible to diners, audit-ready for inspectors. ⭐ 📞 (07) 3113 9666 #BrisbaneCafes #Hospitality #SlugABug",https://raw.githubusercontent.com/Buglif69/Bugboss/e725722536233a4d6cda52cae70e1f39325e3b6b/social-pack/facebook/post-051.jpg,https://raw.githubusercontent.com/Buglif69/Bugboss/e725722536233a4d6cda52cae70e1f39325e3b6b/social-pack/instagram-feed/post-051.jpg,https://raw.githubusercontent.com/Buglif69/Bugboss/e725722536233a4d6cda52cae70e1f39325e3b6b/social-pack/instagram-story/post-051.jpg,https://raw.githubusercontent.com/Buglif69/Bugboss/e725722536233a4d6cda52cae70e1f39325e3b6b/social-pack/square/post-051.jpg
2026-09-09,Wed,"Q&A",092,"Q&A: do I need to leave?","“Do we need to leave during treatment?” Usually not — modern low-odour products mean most families stay home. If clear time is needed, we schedule around naps and school runs. 📞 (07) 3113 9666 #AskSlugABug #FamilyFriendly #SlugABug",https://raw.githubusercontent.com/Buglif69/Bugboss/e725722536233a4d6cda52cae70e1f39325e3b6b/social-pack/facebook/post-092.jpg,https://raw.githubusercontent.com/Buglif69/Bugboss/e725722536233a4d6cda52cae70e1f39325e3b6b/social-pack/instagram-feed/post-092.jpg,https://raw.githubusercontent.com/Buglif69/Bugboss/e725722536233a4d6cda52cae70e1f39325e3b6b/social-pack/instagram-story/post-092.jpg,https://raw.githubusercontent.com/Buglif69/Bugboss/e725722536233a4d6cda52cae70e1f39325e3b6b/social-pack/square/post-092.jpg
2026-09-10,Thu,"Did You Know",005,"That’s all the gap a rat needs to move in.","20mm. About the width of your thumb — and all the gap a rat needs to move into your roof. 🐀 They chew wiring, contaminate food and a single pair can become 200+ in a year. We find the entry points and close them for good. 📞 (07) 3113 9666",https://raw.githubusercontent.com/Buglif69/Bugboss/e725722536233a4d6cda52cae70e1f39325e3b6b/social-pack/facebook/post-005.jpg,https://raw.githubusercontent.com/Buglif69/Bugboss/e725722536233a4d6cda52cae70e1f39325e3b6b/social-pack/instagram-feed/post-005.jpg,https://raw.githubusercontent.com/Buglif69/Bugboss/e725722536233a4d6cda52cae70e1f39325e3b6b/social-pack/instagram-story/post-005.jpg,https://raw.githubusercontent.com/Buglif69/Bugboss/e725722536233a4d6cda52cae70e1f39325e3b6b/social-pack/square/post-005.jpg
2026-09-11,Fri,"Seasonal",058,"Spring clean + pest check","Doing the big spring clean? While everything’s pulled out anyway — check behind the fridge, under sinks, and finish with a professional treatment. One visit covers the year. 🌸 📞 (07) 3113 9666 #SpringClean #BrisbaneHomes #SlugABug",https://raw.githubusercontent.com/Buglif69/Bugboss/e725722536233a4d6cda52cae70e1f39325e3b6b/social-pack/facebook/post-058.jpg,https://raw.githubusercontent.com/Buglif69/Bugboss/e725722536233a4d6cda52cae70e1f39325e3b6b/social-pack/instagram-feed/post-058.jpg,https://raw.githubusercontent.com/Buglif69/Bugboss/e725722536233a4d6cda52cae70e1f39325e3b6b/social-pack/instagram-story/post-058.jpg,https://raw.githubusercontent.com/Buglif69/Bugboss/e725722536233a4d6cda52cae70e1f39325e3b6b/social-pack/square/post-058.jpg
2026-09-12,Sat,"Services",017,"DON’T BUY THEIR TERMITES.","Buying a home? Don't buy their termites. 🏡 A pre-purchase pest inspection with Termatrac radar detection and a full written report is the cheapest insurance in the whole deal. Know exactly what you're buying — before you sign. 📞 (07) 3113 9666",https://raw.githubusercontent.com/Buglif69/Bugboss/e725722536233a4d6cda52cae70e1f39325e3b6b/social-pack/facebook/post-017.jpg,https://raw.githubusercontent.com/Buglif69/Bugboss/e725722536233a4d6cda52cae70e1f39325e3b6b/social-pack/instagram-feed/post-017.jpg,https://raw.githubusercontent.com/Buglif69/Bugboss/e725722536233a4d6cda52cae70e1f39325e3b6b/social-pack/instagram-story/post-017.jpg,https://raw.githubusercontent.com/Buglif69/Bugboss/e725722536233a4d6cda52cae70e1f39325e3b6b/social-pack/square/post-017.jpg
2026-09-13,Sun,"Trust & Offers",079,"Protect now, pay later","Pests don’t wait for payday — so protection doesn’t have to either. Afterpay available on every treatment, same 30-day guarantee. 📞 (07) 3113 9666 #Afterpay #BrisbanePestControl #SlugABug",https://raw.githubusercontent.com/Buglif69/Bugboss/e725722536233a4d6cda52cae70e1f39325e3b6b/social-pack/facebook/post-079.jpg,https://raw.githubusercontent.com/Buglif69/Bugboss/e725722536233a4d6cda52cae70e1f39325e3b6b/social-pack/instagram-feed/post-079.jpg,https://raw.githubusercontent.com/Buglif69/Bugboss/e725722536233a4d6cda52cae70e1f39325e3b6b/social-pack/instagram-story/post-079.jpg,https://raw.githubusercontent.com/Buglif69/Bugboss/e725722536233a4d6cda52cae70e1f39325e3b6b/social-pack/square/post-079.jpg
2026-09-14,Mon,"Myth-Busting",066,"Myth: ultrasonic repellers","Those plug-in ultrasonic pest repellers? Independent testing keeps finding the same thing: pests ignore them. Put the money toward a treatment with a written guarantee. 📞 (07) 3113 9666 #MythBusted #PestControl #SlugABug",https://raw.githubusercontent.com/Buglif69/Bugboss/e725722536233a4d6cda52cae70e1f39325e3b6b/social-pack/facebook/post-066.jpg,https://raw.githubusercontent.com/Buglif69/Bugboss/e725722536233a4d6cda52cae70e1f39325e3b6b/social-pack/instagram-feed/post-066.jpg,https://raw.githubusercontent.com/Buglif69/Bugboss/e725722536233a4d6cda52cae70e1f39325e3b6b/social-pack/instagram-story/post-066.jpg,https://raw.githubusercontent.com/Buglif69/Bugboss/e725722536233a4d6cda52cae70e1f39325e3b6b/social-pack/square/post-066.jpg
2026-09-15,Tue,"Pro Tips",074,"Moving house? Don’t pack pests","Moving house? Roaches ride in cardboard and bed bugs ride in secondhand couches. Treat the new place BEFORE the furniture arrives — fresh start, actually fresh. 📦 📞 (07) 3113 9666 #MovingHouse #BrisbaneMoves #SlugABug",https://raw.githubusercontent.com/Buglif69/Bugboss/e725722536233a4d6cda52cae70e1f39325e3b6b/social-pack/facebook/post-074.jpg,https://raw.githubusercontent.com/Buglif69/Bugboss/e725722536233a4d6cda52cae70e1f39325e3b6b/social-pack/instagram-feed/post-074.jpg,https://raw.githubusercontent.com/Buglif69/Bugboss/e725722536233a4d6cda52cae70e1f39325e3b6b/social-pack/instagram-story/post-074.jpg,https://raw.githubusercontent.com/Buglif69/Bugboss/e725722536233a4d6cda52cae70e1f39325e3b6b/social-pack/square/post-074.jpg
2026-09-16,Wed,"Suburb Spotlight",042,"Suburb: Caboolture","Caboolture & Morayfield! 🚜 Acreage and sheds are prime pest territory — rodents, wasps, termites in the fence posts. We handle the lot. 📞 (07) 3113 9666 #Caboolture #Morayfield #SlugABug",https://raw.githubusercontent.com/Buglif69/Bugboss/e725722536233a4d6cda52cae70e1f39325e3b6b/social-pack/facebook/post-042.jpg,https://raw.githubusercontent.com/Buglif69/Bugboss/e725722536233a4d6cda52cae70e1f39325e3b6b/social-pack/instagram-feed/post-042.jpg,https://raw.githubusercontent.com/Buglif69/Bugboss/e725722536233a4d6cda52cae70e1f39325e3b6b/social-pack/instagram-story/post-042.jpg,https://raw.githubusercontent.com/Buglif69/Bugboss/e725722536233a4d6cda52cae70e1f39325e3b6b/social-pack/square/post-042.jpg
2026-09-17,Thu,"Commercial",052,"Commercial: warehouses","Warehouse managers: pallets + cardboard + quiet corners = rodent paradise. A mapped, monitored baiting program costs less than one contaminated consignment. 📞 (07) 3113 9666 #Warehouse #Logistics #SlugABug",https://raw.githubusercontent.com/Buglif69/Bugboss/e725722536233a4d6cda52cae70e1f39325e3b6b/social-pack/facebook/post-052.jpg,https://raw.githubusercontent.com/Buglif69/Bugboss/e725722536233a4d6cda52cae70e1f39325e3b6b/social-pack/instagram-feed/post-052.jpg,https://raw.githubusercontent.com/Buglif69/Bugboss/e725722536233a4d6cda52cae70e1f39325e3b6b/social-pack/instagram-story/post-052.jpg,https://raw.githubusercontent.com/Buglif69/Bugboss/e725722536233a4d6cda52cae70e1f39325e3b6b/social-pack/square/post-052.jpg
2026-09-18,Fri,"Q&A",093,"Q&A: prep checklist","Booked in? Prep takes five minutes: clear benches, stash toys and pet bowls, secure pets, unlock access, note where you’ve seen the action. We do the rest. ✅ 📞 (07) 3113 9666 #AskSlugABug #PestControl101 #SlugABug",https://raw.githubusercontent.com/Buglif69/Bugboss/e725722536233a4d6cda52cae70e1f39325e3b6b/social-pack/facebook/post-093.jpg,https://raw.githubusercontent.com/Buglif69/Bugboss/e725722536233a4d6cda52cae70e1f39325e3b6b/social-pack/instagram-feed/post-093.jpg,https://raw.githubusercontent.com/Buglif69/Bugboss/e725722536233a4d6cda52cae70e1f39325e3b6b/social-pack/instagram-story/post-093.jpg,https://raw.githubusercontent.com/Buglif69/Bugboss/e725722536233a4d6cda52cae70e1f39325e3b6b/social-pack/square/post-093.jpg
2026-09-19,Sat,"Did You Know",006,"BED BUGS CAN WAIT MONTHS BETWEEN MEALS.","Bed bugs can wait MONTHS between meals. Moving house or just back from a holiday? They hitchhike in luggage. Itchy bites in a line, blood spots on sheets, dark specks on the mattress seam = time to call. 📞 (07) 3113 9666",https://raw.githubusercontent.com/Buglif69/Bugboss/e725722536233a4d6cda52cae70e1f39325e3b6b/social-pack/facebook/post-006.jpg,https://raw.githubusercontent.com/Buglif69/Bugboss/e725722536233a4d6cda52cae70e1f39325e3b6b/social-pack/instagram-feed/post-006.jpg,https://raw.githubusercontent.com/Buglif69/Bugboss/e725722536233a4d6cda52cae70e1f39325e3b6b/social-pack/instagram-story/post-006.jpg,https://raw.githubusercontent.com/Buglif69/Bugboss/e725722536233a4d6cda52cae70e1f39325e3b6b/social-pack/square/post-006.jpg
2026-09-20,Sun,"Seasonal",059,"Rodents love Christmas","Rodents love Christmas too — a December pantry full of hampers and baking supplies is their jackpot. 🎄 Get sealed and treated before the relatives arrive. 📞 (07) 3113 9666 #Christmas #BrisbaneHomes #SlugABug",https://raw.githubusercontent.com/Buglif69/Bugboss/e725722536233a4d6cda52cae70e1f39325e3b6b/social-pack/facebook/post-059.jpg,https://raw.githubusercontent.com/Buglif69/Bugboss/e725722536233a4d6cda52cae70e1f39325e3b6b/social-pack/instagram-feed/post-059.jpg,https://raw.githubusercontent.com/Buglif69/Bugboss/e725722536233a4d6cda52cae70e1f39325e3b6b/social-pack/instagram-story/post-059.jpg,https://raw.githubusercontent.com/Buglif69/Bugboss/e725722536233a4d6cda52cae70e1f39325e3b6b/social-pack/square/post-059.jpg
2026-09-21,Mon,"Trust & Offers",080,"Termatrac radar detection","Our Termatrac radar literally sees termite movement through walls — no drilling, no guesswork, no “open it up and see”. Detection first, drama never. 📡 📞 (07) 3113 9666 #Termatrac #TermiteInspection #SlugABug",https://raw.githubusercontent.com/Buglif69/Bugboss/e725722536233a4d6cda52cae70e1f39325e3b6b/social-pack/facebook/post-080.jpg,https://raw.githubusercontent.com/Buglif69/Bugboss/e725722536233a4d6cda52cae70e1f39325e3b6b/social-pack/instagram-feed/post-080.jpg,https://raw.githubusercontent.com/Buglif69/Bugboss/e725722536233a4d6cda52cae70e1f39325e3b6b/social-pack/instagram-story/post-080.jpg,https://raw.githubusercontent.com/Buglif69/Bugboss/e725722536233a4d6cda52cae70e1f39325e3b6b/social-pack/square/post-080.jpg
2026-09-22,Tue,"Myth-Busting",067,"Myth: termites only eat old homes","MYTH: “Termites only eat old homes.” FACT: new builds on cleared land face some of the highest termite pressure in QLD — and builders’ barriers expire. Know your dates. 📞 (07) 3113 9666 #MythBusted #Termites #SlugABug",https://raw.githubusercontent.com/Buglif69/Bugboss/e725722536233a4d6cda52cae70e1f39325e3b6b/social-pack/facebook/post-067.jpg,https://raw.githubusercontent.com/Buglif69/Bugboss/e725722536233a4d6cda52cae70e1f39325e3b6b/social-pack/instagram-feed/post-067.jpg,https://raw.githubusercontent.com/Buglif69/Bugboss/e725722536233a4d6cda52cae70e1f39325e3b6b/social-pack/instagram-story/post-067.jpg,https://raw.githubusercontent.com/Buglif69/Bugboss/e725722536233a4d6cda52cae70e1f39325e3b6b/social-pack/square/post-067.jpg
2026-09-23,Wed,"Pro Tips",075,"Tough on pests, soft on paws","Pet households: we plan every treatment around feeding areas, tanks and cages, and tell you exactly when floors are dry. Tough on pests, soft on paws. 🐾 📞 (07) 3113 9666 #PetFriendly #BrisbanePets #SlugABug",https://raw.githubusercontent.com/Buglif69/Bugboss/e725722536233a4d6cda52cae70e1f39325e3b6b/social-pack/facebook/post-075.jpg,https://raw.githubusercontent.com/Buglif69/Bugboss/e725722536233a4d6cda52cae70e1f39325e3b6b/social-pack/instagram-feed/post-075.jpg,https://raw.githubusercontent.com/Buglif69/Bugboss/e725722536233a4d6cda52cae70e1f39325e3b6b/social-pack/instagram-story/post-075.jpg,https://raw.githubusercontent.com/Buglif69/Bugboss/e725722536233a4d6cda52cae70e1f39325e3b6b/social-pack/square/post-075.jpg
2026-09-24,Thu,"Suburb Spotlight",043,"Suburb: Logan & Springwood","Logan & Springwood! 🏗️ Every new development displaces pests into the established homes next door. Builders on your street? Book a check. 📞 (07) 3113 9666 #Logan #Springwood #SlugABug",https://raw.githubusercontent.com/Buglif69/Bugboss/e725722536233a4d6cda52cae70e1f39325e3b6b/social-pack/facebook/post-043.jpg,https://raw.githubusercontent.com/Buglif69/Bugboss/e725722536233a4d6cda52cae70e1f39325e3b6b/social-pack/instagram-feed/post-043.jpg,https://raw.githubusercontent.com/Buglif69/Bugboss/e725722536233a4d6cda52cae70e1f39325e3b6b/social-pack/instagram-story/post-043.jpg,https://raw.githubusercontent.com/Buglif69/Bugboss/e725722536233a4d6cda52cae70e1f39325e3b6b/social-pack/square/post-043.jpg
2026-09-25,Fri,"Commercial",053,"Commercial: office kitchens","Office kitchens: crumbs by Friday, ant trails by Monday. 🐜 After-hours treatments your team never notices — easiest facilities win of the quarter. 📞 (07) 3113 9666 #OfficeLife #FacilitiesManagement #SlugABug",https://raw.githubusercontent.com/Buglif69/Bugboss/e725722536233a4d6cda52cae70e1f39325e3b6b/social-pack/facebook/post-053.jpg,https://raw.githubusercontent.com/Buglif69/Bugboss/e725722536233a4d6cda52cae70e1f39325e3b6b/social-pack/instagram-feed/post-053.jpg,https://raw.githubusercontent.com/Buglif69/Bugboss/e725722536233a4d6cda52cae70e1f39325e3b6b/social-pack/instagram-story/post-053.jpg,https://raw.githubusercontent.com/Buglif69/Bugboss/e725722536233a4d6cda52cae70e1f39325e3b6b/social-pack/square/post-053.jpg
2026-09-26,Sat,"Q&A",094,"Q&A: inspection step-by-step","What actually happens in a termite inspection? Full interior + exterior, Termatrac radar and moisture readings, roof void and subfloor, same-day written report with photos, plain-English advice. 📞 (07) 3113 9666 #TermiteInspection #AskSlugABug #SlugABug",https://raw.githubusercontent.com/Buglif69/Bugboss/e725722536233a4d6cda52cae70e1f39325e3b6b/social-pack/facebook/post-094.jpg,https://raw.githubusercontent.com/Buglif69/Bugboss/e725722536233a4d6cda52cae70e1f39325e3b6b/social-pack/instagram-feed/post-094.jpg,https://raw.githubusercontent.com/Buglif69/Bugboss/e725722536233a4d6cda52cae70e1f39325e3b6b/social-pack/instagram-story/post-094.jpg,https://raw.githubusercontent.com/Buglif69/Bugboss/e725722536233a4d6cda52cae70e1f39325e3b6b/social-pack/square/post-094.jpg
2026-09-27,Sun,"Did You Know",007,"of a flea problem isn’t on your pet.","95% of a flea problem isn't on your pet — it's eggs, larvae and pupae in your carpet, bedding and floorboards. Treat the dog without treating the house and they're back in a fortnight. Pets scratching? Treat the whole home. 📞 (07) 3113 9666",https://raw.githubusercontent.com/Buglif69/Bugboss/e725722536233a4d6cda52cae70e1f39325e3b6b/social-pack/facebook/post-007.jpg,https://raw.githubusercontent.com/Buglif69/Bugboss/e725722536233a4d6cda52cae70e1f39325e3b6b/social-pack/instagram-feed/post-007.jpg,https://raw.githubusercontent.com/Buglif69/Bugboss/e725722536233a4d6cda52cae70e1f39325e3b6b/social-pack/instagram-story/post-007.jpg,https://raw.githubusercontent.com/Buglif69/Bugboss/e725722536233a4d6cda52cae70e1f39325e3b6b/social-pack/square/post-007.jpg
2026-09-28,Mon,"Seasonal",060,"Lunchbox season = ant season","Back to school = lunchbox crumbs = ant trails by week 2. 🎒 A quick perimeter treatment now saves the whole term. 📞 (07) 3113 9666 #BackToSchool #AntControl #SlugABug",https://raw.githubusercontent.com/Buglif69/Bugboss/e725722536233a4d6cda52cae70e1f39325e3b6b/social-pack/facebook/post-060.jpg,https://raw.githubusercontent.com/Buglif69/Bugboss/e725722536233a4d6cda52cae70e1f39325e3b6b/social-pack/instagram-feed/post-060.jpg,https://raw.githubusercontent.com/Buglif69/Bugboss/e725722536233a4d6cda52cae70e1f39325e3b6b/social-pack/instagram-story/post-060.jpg,https://raw.githubusercontent.com/Buglif69/Bugboss/e725722536233a4d6cda52cae70e1f39325e3b6b/social-pack/square/post-060.jpg
2026-09-29,Tue,"Trust & Offers",081,"Booked this week","When you call us, a Brisbane local answers — and books you in days, not weeks. Urgent swarms, wasp nests and rodent jobs get priority. ⚡ 📞 (07) 3113 9666 #FastService #BrisbanePestControl #SlugABug",https://raw.githubusercontent.com/Buglif69/Bugboss/e725722536233a4d6cda52cae70e1f39325e3b6b/social-pack/facebook/post-081.jpg,https://raw.githubusercontent.com/Buglif69/Bugboss/e725722536233a4d6cda52cae70e1f39325e3b6b/social-pack/instagram-feed/post-081.jpg,https://raw.githubusercontent.com/Buglif69/Bugboss/e725722536233a4d6cda52cae70e1f39325e3b6b/social-pack/instagram-story/post-081.jpg,https://raw.githubusercontent.com/Buglif69/Bugboss/e725722536233a4d6cda52cae70e1f39325e3b6b/social-pack/square/post-081.jpg
2026-09-30,Wed,"Myth-Busting",068,"Myth: daddy long-legs deadly","MYTH: “Daddy long-legs are the deadliest spider.” FACT: schoolyard legend — they’re harmless to humans. Redbacks and white-tails are the ones worth respecting. 📞 (07) 3113 9666 #MythBusted #SpiderFacts #SlugABug",https://raw.githubusercontent.com/Buglif69/Bugboss/e725722536233a4d6cda52cae70e1f39325e3b6b/social-pack/facebook/post-068.jpg,https://raw.githubusercontent.com/Buglif69/Bugboss/e725722536233a4d6cda52cae70e1f39325e3b6b/social-pack/instagram-feed/post-068.jpg,https://raw.githubusercontent.com/Buglif69/Bugboss/e725722536233a4d6cda52cae70e1f39325e3b6b/social-pack/instagram-story/post-068.jpg,https://raw.githubusercontent.com/Buglif69/Bugboss/e725722536233a4d6cda52cae70e1f39325e3b6b/social-pack/square/post-068.jpg
2026-10-01,Thu,"Pro Tips",076,"Your garage is a pest hotel","Your garage is running a pest hotel: cardboard bedding, roller-door entry, undisturbed corners. Five-minute audit this weekend — then add it to the yearly treatment. 🚗 📞 (07) 3113 9666 #GarageGoals #BrisbaneHomes #SlugABug",https://raw.githubusercontent.com/Buglif69/Bugboss/e725722536233a4d6cda52cae70e1f39325e3b6b/social-pack/facebook/post-076.jpg,https://raw.githubusercontent.com/Buglif69/Bugboss/e725722536233a4d6cda52cae70e1f39325e3b6b/social-pack/instagram-feed/post-076.jpg,https://raw.githubusercontent.com/Buglif69/Bugboss/e725722536233a4d6cda52cae70e1f39325e3b6b/social-pack/instagram-story/post-076.jpg,https://raw.githubusercontent.com/Buglif69/Bugboss/e725722536233a4d6cda52cae70e1f39325e3b6b/social-pack/square/post-076.jpg
2026-10-02,Fri,"Suburb Spotlight",044,"Suburb: Capalaba","Capalaba & the Redlands! Bayside humidity keeps pests active basically year-round — regular treatment matters more here than most places. 📞 (07) 3113 9666 #Capalaba #Redlands #SlugABug",https://raw.githubusercontent.com/Buglif69/Bugboss/e725722536233a4d6cda52cae70e1f39325e3b6b/social-pack/facebook/post-044.jpg,https://raw.githubusercontent.com/Buglif69/Bugboss/e725722536233a4d6cda52cae70e1f39325e3b6b/social-pack/instagram-feed/post-044.jpg,https://raw.githubusercontent.com/Buglif69/Bugboss/e725722536233a4d6cda52cae70e1f39325e3b6b/social-pack/instagram-story/post-044.jpg,https://raw.githubusercontent.com/Buglif69/Bugboss/e725722536233a4d6cda52cae70e1f39325e3b6b/social-pack/square/post-044.jpg
2026-10-03,Sat,"Commercial",054,"Commercial: strata plans","Strata committees: one contact, one invoice, whole complex covered — common areas, bulk unit pricing, termite inspections for the block, committee-ready reports. 📞 (07) 3113 9666 #Strata #BodyCorporate #SlugABug",https://raw.githubusercontent.com/Buglif69/Bugboss/e725722536233a4d6cda52cae70e1f39325e3b6b/social-pack/facebook/post-054.jpg,https://raw.githubusercontent.com/Buglif69/Bugboss/e725722536233a4d6cda52cae70e1f39325e3b6b/social-pack/instagram-feed/post-054.jpg,https://raw.githubusercontent.com/Buglif69/Bugboss/e725722536233a4d6cda52cae70e1f39325e3b6b/social-pack/instagram-story/post-054.jpg,https://raw.githubusercontent.com/Buglif69/Bugboss/e725722536233a4d6cda52cae70e1f39325e3b6b/social-pack/square/post-054.jpg
2026-10-04,Sun,"Did You Know",026,"Termite queen: 30,000 eggs a day","One termite queen lays up to 30,000 eggs a DAY — and keeps going for decades. 🤯 An annual inspection is the only early-warning system there is. 📞 (07) 3113 9666 #Termites #BrisbanePestControl #SlugABug",https://raw.githubusercontent.com/Buglif69/Bugboss/e725722536233a4d6cda52cae70e1f39325e3b6b/social-pack/facebook/post-026.jpg,https://raw.githubusercontent.com/Buglif69/Bugboss/e725722536233a4d6cda52cae70e1f39325e3b6b/social-pack/instagram-feed/post-026.jpg,https://raw.githubusercontent.com/Buglif69/Bugboss/e725722536233a4d6cda52cae70e1f39325e3b6b/social-pack/instagram-story/post-026.jpg,https://raw.githubusercontent.com/Buglif69/Bugboss/e725722536233a4d6cda52cae70e1f39325e3b6b/social-pack/square/post-026.jpg
2026-10-05,Mon,"Seasonal",061,"EOFY: contracts are deductible","Business owners: commercial pest programs are a deductible operating expense. Lock yours in before June 30 and start the new FY protected. 📊 📞 (07) 3113 9666 #EOFY #BrisbaneBusiness #SlugABug",https://raw.githubusercontent.com/Buglif69/Bugboss/e725722536233a4d6cda52cae70e1f39325e3b6b/social-pack/facebook/post-061.jpg,https://raw.githubusercontent.com/Buglif69/Bugboss/e725722536233a4d6cda52cae70e1f39325e3b6b/social-pack/instagram-feed/post-061.jpg,https://raw.githubusercontent.com/Buglif69/Bugboss/e725722536233a4d6cda52cae70e1f39325e3b6b/social-pack/instagram-story/post-061.jpg,https://raw.githubusercontent.com/Buglif69/Bugboss/e725722536233a4d6cda52cae70e1f39325e3b6b/social-pack/square/post-061.jpg
2026-10-06,Tue,"Trust & Offers",082,"Free quotes, straight answers","Free quotes, straight answers. We’ll tell you what you need, what you DON’T, and the price before we start. If a cheaper option does the job — you’ll hear it from us first. 📞 (07) 3113 9666 #StraightShooters #BrisbanePestControl #SlugABug",https://raw.githubusercontent.com/Buglif69/Bugboss/e725722536233a4d6cda52cae70e1f39325e3b6b/social-pack/facebook/post-082.jpg,https://raw.githubusercontent.com/Buglif69/Bugboss/e725722536233a4d6cda52cae70e1f39325e3b6b/social-pack/instagram-feed/post-082.jpg,https://raw.githubusercontent.com/Buglif69/Bugboss/e725722536233a4d6cda52cae70e1f39325e3b6b/social-pack/instagram-story/post-082.jpg,https://raw.githubusercontent.com/Buglif69/Bugboss/e725722536233a4d6cda52cae70e1f39325e3b6b/social-pack/square/post-082.jpg
2026-10-07,Wed,"Myth-Busting",069,"Myth: coffee grounds stop ants","MYTH: “Coffee grounds keep ants away.” FACT: they detour around them — politely. ☕ Treat the nest and entry points; keep the coffee for yourself. 📞 (07) 3113 9666 #MythBusted #AntControl #SlugABug",https://raw.githubusercontent.com/Buglif69/Bugboss/e725722536233a4d6cda52cae70e1f39325e3b6b/social-pack/facebook/post-069.jpg,https://raw.githubusercontent.com/Buglif69/Bugboss/e725722536233a4d6cda52cae70e1f39325e3b6b/social-pack/instagram-feed/post-069.jpg,https://raw.githubusercontent.com/Buglif69/Bugboss/e725722536233a4d6cda52cae70e1f39325e3b6b/social-pack/instagram-story/post-069.jpg,https://raw.githubusercontent.com/Buglif69/Bugboss/e725722536233a4d6cda52cae70e1f39325e3b6b/social-pack/square/post-069.jpg
2026-10-08,Thu,"Pro Tips",077,"Mozzie-proof your backyard","Want your backyard back on warm evenings? Weekly water tip-outs, clean gutters, screened tanks, a fan where you sit — and a seasonal barrier treatment does the rest. 🌇 📞 (07) 3113 9666 #MozzieSeason #BrisbaneBackyards #SlugABug",https://raw.githubusercontent.com/Buglif69/Bugboss/e725722536233a4d6cda52cae70e1f39325e3b6b/social-pack/facebook/post-077.jpg,https://raw.githubusercontent.com/Buglif69/Bugboss/e725722536233a4d6cda52cae70e1f39325e3b6b/social-pack/instagram-feed/post-077.jpg,https://raw.githubusercontent.com/Buglif69/Bugboss/e725722536233a4d6cda52cae70e1f39325e3b6b/social-pack/instagram-story/post-077.jpg,https://raw.githubusercontent.com/Buglif69/Bugboss/e725722536233a4d6cda52cae70e1f39325e3b6b/social-pack/square/post-077.jpg
2026-10-09,Fri,"Suburb Spotlight",045,"Suburb: Wynnum & Bayside","Wynnum, Manly & Lota! ⚓ Salt air doesn’t slow termites down — older bayside timber homes are their favourite menu. Annual inspections are essential. 📞 (07) 3113 9666 #Wynnum #Bayside #SlugABug",https://raw.githubusercontent.com/Buglif69/Bugboss/e725722536233a4d6cda52cae70e1f39325e3b6b/social-pack/facebook/post-045.jpg,https://raw.githubusercontent.com/Buglif69/Bugboss/e725722536233a4d6cda52cae70e1f39325e3b6b/social-pack/instagram-feed/post-045.jpg,https://raw.githubusercontent.com/Buglif69/Bugboss/e725722536233a4d6cda52cae70e1f39325e3b6b/social-pack/instagram-story/post-045.jpg,https://raw.githubusercontent.com/Buglif69/Bugboss/e725722536233a4d6cda52cae70e1f39325e3b6b/social-pack/square/post-045.jpg
2026-10-10,Sat,"Commercial",055,"Commercial: gyms","Gym owners: warm + damp change rooms are an open invitation for silverfish, roaches and drain flies. Overnight service keeps your floor open. 🏋️ 📞 (07) 3113 9666 #GymLife #BrisbaneFitness #SlugABug",https://raw.githubusercontent.com/Buglif69/Bugboss/e725722536233a4d6cda52cae70e1f39325e3b6b/social-pack/facebook/post-055.jpg,https://raw.githubusercontent.com/Buglif69/Bugboss/e725722536233a4d6cda52cae70e1f39325e3b6b/social-pack/instagram-feed/post-055.jpg,https://raw.githubusercontent.com/Buglif69/Bugboss/e725722536233a4d6cda52cae70e1f39325e3b6b/social-pack/instagram-story/post-055.jpg,https://raw.githubusercontent.com/Buglif69/Bugboss/e725722536233a4d6cda52cae70e1f39325e3b6b/social-pack/square/post-055.jpg
2026-10-11,Sun,"Did You Know",027,"Ants lift 20x their weight","Ants can lift 20x their own body weight — and a colony can number 500,000. 💪 When scouts find your kitchen, the rest are coming. We treat the trail AND the nest. 📞 (07) 3113 9666 #AntControl #BrisbanePestControl #SlugABug",https://raw.githubusercontent.com/Buglif69/Bugboss/e725722536233a4d6cda52cae70e1f39325e3b6b/social-pack/facebook/post-027.jpg,https://raw.githubusercontent.com/Buglif69/Bugboss/e725722536233a4d6cda52cae70e1f39325e3b6b/social-pack/instagram-feed/post-027.jpg,https://raw.githubusercontent.com/Buglif69/Bugboss/e725722536233a4d6cda52cae70e1f39325e3b6b/social-pack/instagram-story/post-027.jpg,https://raw.githubusercontent.com/Buglif69/Bugboss/e725722536233a4d6cda52cae70e1f39325e3b6b/social-pack/square/post-027.jpg
2026-10-12,Mon,"Seasonal",062,"Wasps at the BBQ","Wasps circling the BBQ? They’re not visiting — there’s a nest nearby. 🍺🐝 We find it and remove it safely before your next cook-up. 📞 (07) 3113 9666 #BBQSeason #WaspRemoval #SlugABug",https://raw.githubusercontent.com/Buglif69/Bugboss/e725722536233a4d6cda52cae70e1f39325e3b6b/social-pack/facebook/post-062.jpg,https://raw.githubusercontent.com/Buglif69/Bugboss/e725722536233a4d6cda52cae70e1f39325e3b6b/social-pack/instagram-feed/post-062.jpg,https://raw.githubusercontent.com/Buglif69/Bugboss/e725722536233a4d6cda52cae70e1f39325e3b6b/social-pack/instagram-story/post-062.jpg,https://raw.githubusercontent.com/Buglif69/Bugboss/e725722536233a4d6cda52cae70e1f39325e3b6b/social-pack/square/post-062.jpg
2026-10-13,Tue,"Trust & Offers",083,"Family-safe by design","Kids, pets, veggie patch — all accounted for. We explain what we use, where it goes and when it’s dry, before we start. 20+ years of family homes. 👨‍👩‍👧 📞 (07) 3113 9666 #FamilySafe #BrisbaneFamilies #SlugABug",https://raw.githubusercontent.com/Buglif69/Bugboss/e725722536233a4d6cda52cae70e1f39325e3b6b/social-pack/facebook/post-083.jpg,https://raw.githubusercontent.com/Buglif69/Bugboss/e725722536233a4d6cda52cae70e1f39325e3b6b/social-pack/instagram-feed/post-083.jpg,https://raw.githubusercontent.com/Buglif69/Bugboss/e725722536233a4d6cda52cae70e1f39325e3b6b/social-pack/instagram-story/post-083.jpg,https://raw.githubusercontent.com/Buglif69/Bugboss/e725722536233a4d6cda52cae70e1f39325e3b6b/social-pack/square/post-083.jpg
2026-10-14,Wed,"Myth-Busting",070,"Myth: one spray lasts forever","MYTH: “One spray lasts forever.” FACT: weather and time wear every treatment down — that’s why protection runs on a yearly rhythm, backed by our 30-day guarantee. 📞 (07) 3113 9666 #MythBusted #PestControl #SlugABug",https://raw.githubusercontent.com/Buglif69/Bugboss/e725722536233a4d6cda52cae70e1f39325e3b6b/social-pack/facebook/post-070.jpg,https://raw.githubusercontent.com/Buglif69/Bugboss/e725722536233a4d6cda52cae70e1f39325e3b6b/social-pack/instagram-feed/post-070.jpg,https://raw.githubusercontent.com/Buglif69/Bugboss/e725722536233a4d6cda52cae70e1f39325e3b6b/social-pack/instagram-story/post-070.jpg,https://raw.githubusercontent.com/Buglif69/Bugboss/e725722536233a4d6cda52cae70e1f39325e3b6b/social-pack/square/post-070.jpg
2026-10-15,Thu,"Pro Tips",078,"Gutters are a pest highway","Blocked gutters: moisture for termites, nurseries for mozzies, and a rodent bridge straight into the roof void. Clean gutters are DIY pest control — we handle the rest. 🪜 📞 (07) 3113 9666 #HomeMaintenance #BrisbaneHomes #SlugABug",https://raw.githubusercontent.com/Buglif69/Bugboss/e725722536233a4d6cda52cae70e1f39325e3b6b/social-pack/facebook/post-078.jpg,https://raw.githubusercontent.com/Buglif69/Bugboss/e725722536233a4d6cda52cae70e1f39325e3b6b/social-pack/instagram-feed/post-078.jpg,https://raw.githubusercontent.com/Buglif69/Bugboss/e725722536233a4d6cda52cae70e1f39325e3b6b/social-pack/instagram-story/post-078.jpg,https://raw.githubusercontent.com/Buglif69/Bugboss/e725722536233a4d6cda52cae70e1f39325e3b6b/social-pack/square/post-078.jpg
2026-10-16,Fri,"Suburb Spotlight",046,"Suburb: Sunnybank","Sunnybank! 🥟 Brisbane’s best food scene deserves audit-ready pest control — and the homes around it get the same standard. 📞 (07) 3113 9666 #Sunnybank #BrisbaneFood #SlugABug",https://raw.githubusercontent.com/Buglif69/Bugboss/e725722536233a4d6cda52cae70e1f39325e3b6b/social-pack/facebook/post-046.jpg,https://raw.githubusercontent.com/Buglif69/Bugboss/e725722536233a4d6cda52cae70e1f39325e3b6b/social-pack/instagram-feed/post-046.jpg,https://raw.githubusercontent.com/Buglif69/Bugboss/e725722536233a4d6cda52cae70e1f39325e3b6b/social-pack/instagram-story/post-046.jpg,https://raw.githubusercontent.com/Buglif69/Bugboss/e725722536233a4d6cda52cae70e1f39325e3b6b/social-pack/square/post-046.jpg
2026-10-17,Sat,"Commercial",056,"Commercial: medical clinics","Medical clinics need pest control that’s as precise as they are — sensitive products, after-hours scheduling, inspection-proof documentation. 📞 (07) 3113 9666 #MedicalClinic #PracticeManagement #SlugABug",https://raw.githubusercontent.com/Buglif69/Bugboss/e725722536233a4d6cda52cae70e1f39325e3b6b/social-pack/facebook/post-056.jpg,https://raw.githubusercontent.com/Buglif69/Bugboss/e725722536233a4d6cda52cae70e1f39325e3b6b/social-pack/instagram-feed/post-056.jpg,https://raw.githubusercontent.com/Buglif69/Bugboss/e725722536233a4d6cda52cae70e1f39325e3b6b/social-pack/instagram-story/post-056.jpg,https://raw.githubusercontent.com/Buglif69/Bugboss/e725722536233a4d6cda52cae70e1f39325e3b6b/social-pack/square/post-056.jpg
2026-10-18,Sun,"Did You Know",028,"Mozzies hunt by your breath","Mosquitoes find you by tracking your breath — CO₂, body heat and dark clothing. 🦟 And they breed in a bottle-cap of water. A yard treatment changes your whole summer. 📞 (07) 3113 9666 #Mosquitoes #BrisbaneBackyards #SlugABug",https://raw.githubusercontent.com/Buglif69/Bugboss/e725722536233a4d6cda52cae70e1f39325e3b6b/social-pack/facebook/post-028.jpg,https://raw.githubusercontent.com/Buglif69/Bugboss/e725722536233a4d6cda52cae70e1f39325e3b6b/social-pack/instagram-feed/post-028.jpg,https://raw.githubusercontent.com/Buglif69/Bugboss/e725722536233a4d6cda52cae70e1f39325e3b6b/social-pack/instagram-story/post-028.jpg,https://raw.githubusercontent.com/Buglif69/Bugboss/e725722536233a4d6cda52cae70e1f39325e3b6b/social-pack/square/post-028.jpg
2026-10-19,Mon,"Seasonal",063,"Going away? Pests aren’t","Heading away these holidays? An empty, quiet house is a pest’s dream Airbnb. 🧳 A pre-trip treatment means you come home to YOUR house — not theirs. 📞 (07) 3113 9666 #HolidayPrep #BrisbaneHomes #SlugABug",https://raw.githubusercontent.com/Buglif69/Bugboss/e725722536233a4d6cda52cae70e1f39325e3b6b/social-pack/facebook/post-063.jpg,https://raw.githubusercontent.com/Buglif69/Bugboss/e725722536233a4d6cda52cae70e1f39325e3b6b/social-pack/instagram-feed/post-063.jpg,https://raw.githubusercontent.com/Buglif69/Bugboss/e725722536233a4d6cda52cae70e1f39325e3b6b/social-pack/instagram-story/post-063.jpg,https://raw.githubusercontent.com/Buglif69/Bugboss/e725722536233a4d6cda52cae70e1f39325e3b6b/social-pack/square/post-063.jpg
2026-10-20,Tue,"Trust & Offers",084,"North Brisbane to Shailer Park","From North Lakes and Redcliffe, through the CBD and bayside, down to Shailer Park — one local team covers the whole corridor. Your suburb? Almost certainly yes. 🗺️ 📞 (07) 3113 9666 #Brisbane #LocalBusiness #SlugABug",https://raw.githubusercontent.com/Buglif69/Bugboss/e725722536233a4d6cda52cae70e1f39325e3b6b/social-pack/facebook/post-084.jpg,https://raw.githubusercontent.com/Buglif69/Bugboss/e725722536233a4d6cda52cae70e1f39325e3b6b/social-pack/instagram-feed/post-084.jpg,https://raw.githubusercontent.com/Buglif69/Bugboss/e725722536233a4d6cda52cae70e1f39325e3b6b/social-pack/instagram-story/post-084.jpg,https://raw.githubusercontent.com/Buglif69/Bugboss/e725722536233a4d6cda52cae70e1f39325e3b6b/social-pack/square/post-084.jpg
2026-10-21,Wed,"Suburb Spotlight",047,"Suburb: Shailer Park","Shailer Park, Cornubia & Daisy Hill! 🌿 Bushland on the doorstep is beautiful — and busy. We keep the wildlife’s hangers-on out of your yard. 📞 (07) 3113 9666 #ShailerPark #LoganPestControl #SlugABug",https://raw.githubusercontent.com/Buglif69/Bugboss/e725722536233a4d6cda52cae70e1f39325e3b6b/social-pack/facebook/post-047.jpg,https://raw.githubusercontent.com/Buglif69/Bugboss/e725722536233a4d6cda52cae70e1f39325e3b6b/social-pack/instagram-feed/post-047.jpg,https://raw.githubusercontent.com/Buglif69/Bugboss/e725722536233a4d6cda52cae70e1f39325e3b6b/social-pack/instagram-story/post-047.jpg,https://raw.githubusercontent.com/Buglif69/Bugboss/e725722536233a4d6cda52cae70e1f39325e3b6b/social-pack/square/post-047.jpg
2026-10-22,Thu,"Commercial",057,"Commercial: retail stock loss","Retail managers: stock loss sometimes has six legs (or four, and a tail 🐀). Gnawed packaging and failed audits compound daily — scheduled monitoring stops the bleed. 📞 (07) 3113 9666 #Retail #StockLoss #SlugABug",https://raw.githubusercontent.com/Buglif69/Bugboss/e725722536233a4d6cda52cae70e1f39325e3b6b/social-pack/facebook/post-057.jpg,https://raw.githubusercontent.com/Buglif69/Bugboss/e725722536233a4d6cda52cae70e1f39325e3b6b/social-pack/instagram-feed/post-057.jpg,https://raw.githubusercontent.com/Buglif69/Bugboss/e725722536233a4d6cda52cae70e1f39325e3b6b/social-pack/instagram-story/post-057.jpg,https://raw.githubusercontent.com/Buglif69/Bugboss/e725722536233a4d6cda52cae70e1f39325e3b6b/social-pack/square/post-057.jpg
2026-10-23,Fri,"Did You Know",029,"Rodent teeth never stop growing","Rodent teeth never stop growing — so they never stop chewing. Wiring, pipes, timber… rodent-damaged cables are a leading cause of unexplained house fires. 🔥 📞 (07) 3113 9666 #RodentControl #BrisbanePestControl #SlugABug",https://raw.githubusercontent.com/Buglif69/Bugboss/e725722536233a4d6cda52cae70e1f39325e3b6b/social-pack/facebook/post-029.jpg,https://raw.githubusercontent.com/Buglif69/Bugboss/e725722536233a4d6cda52cae70e1f39325e3b6b/social-pack/instagram-feed/post-029.jpg,https://raw.githubusercontent.com/Buglif69/Bugboss/e725722536233a4d6cda52cae70e1f39325e3b6b/social-pack/instagram-story/post-029.jpg,https://raw.githubusercontent.com/Buglif69/Bugboss/e725722536233a4d6cda52cae70e1f39325e3b6b/social-pack/square/post-029.jpg
2026-10-24,Sat,"Trust & Offers",085,"5 stars, every job","5 stars is the only rating we chase — 1,200+ reviews came from turning up on time, doing it properly, and honouring the guarantee. That’s the whole trick. ⭐ 📞 (07) 3113 9666 #FiveStars #BrisbanePestControl #SlugABug",https://raw.githubusercontent.com/Buglif69/Bugboss/e725722536233a4d6cda52cae70e1f39325e3b6b/social-pack/facebook/post-085.jpg,https://raw.githubusercontent.com/Buglif69/Bugboss/e725722536233a4d6cda52cae70e1f39325e3b6b/social-pack/instagram-feed/post-085.jpg,https://raw.githubusercontent.com/Buglif69/Bugboss/e725722536233a4d6cda52cae70e1f39325e3b6b/social-pack/instagram-story/post-085.jpg,https://raw.githubusercontent.com/Buglif69/Bugboss/e725722536233a4d6cda52cae70e1f39325e3b6b/social-pack/square/post-085.jpg
2026-10-25,Sun,"Did You Know",030,"Silverfish go a year without food","Silverfish can survive a YEAR without eating — but with your books, photos and clothes on the menu, they don’t have to. 📚 📞 (07) 3113 9666 #Silverfish #BrisbanePestControl #SlugABug",https://raw.githubusercontent.com/Buglif69/Bugboss/e725722536233a4d6cda52cae70e1f39325e3b6b/social-pack/facebook/post-030.jpg,https://raw.githubusercontent.com/Buglif69/Bugboss/e725722536233a4d6cda52cae70e1f39325e3b6b/social-pack/instagram-feed/post-030.jpg,https://raw.githubusercontent.com/Buglif69/Bugboss/e725722536233a4d6cda52cae70e1f39325e3b6b/social-pack/instagram-story/post-030.jpg,https://raw.githubusercontent.com/Buglif69/Bugboss/e725722536233a4d6cda52cae70e1f39325e3b6b/social-pack/square/post-030.jpg
2026-10-26,Mon,"Trust & Offers",086,"20+ years of Brisbane backyards","20+ years in the same Brisbane suburbs teaches you things you can’t google — where termites press hardest, which streets get ants after storms, what a Queenslander subfloor hides. 📞 (07) 3113 9666 #LocalKnowledge #Brisbane #SlugABug",https://raw.githubusercontent.com/Buglif69/Bugboss/e725722536233a4d6cda52cae70e1f39325e3b6b/social-pack/facebook/post-086.jpg,https://raw.githubusercontent.com/Buglif69/Bugboss/e725722536233a4d6cda52cae70e1f39325e3b6b/social-pack/instagram-feed/post-086.jpg,https://raw.githubusercontent.com/Buglif69/Bugboss/e725722536233a4d6cda52cae70e1f39325e3b6b/social-pack/instagram-story/post-086.jpg,https://raw.githubusercontent.com/Buglif69/Bugboss/e725722536233a4d6cda52cae70e1f39325e3b6b/social-pack/square/post-086.jpg
2026-10-27,Tue,"Did You Know",031,"One nest, 6,000 wasps","By late summer a single wasp nest can hold 6,000 residents. 🐝 Please don’t introduce it to your broom — we remove nests safely and stop the rebuild. 📞 (07) 3113 9666 #WaspRemoval #BrisbanePestControl #SlugABug",https://raw.githubusercontent.com/Buglif69/Bugboss/e725722536233a4d6cda52cae70e1f39325e3b6b/social-pack/facebook/post-031.jpg,https://raw.githubusercontent.com/Buglif69/Bugboss/e725722536233a4d6cda52cae70e1f39325e3b6b/social-pack/instagram-feed/post-031.jpg,https://raw.githubusercontent.com/Buglif69/Bugboss/e725722536233a4d6cda52cae70e1f39325e3b6b/social-pack/instagram-story/post-031.jpg,https://raw.githubusercontent.com/Buglif69/Bugboss/e725722536233a4d6cda52cae70e1f39325e3b6b/social-pack/square/post-031.jpg
2026-10-28,Wed,"Trust & Offers",087,"Every tech licensed & insured","Every tech licensed, every job insured — no subcontracted mystery guests. Ask to see the licence at the door; our techs love that question. 📋 📞 (07) 3113 9666 #Licensed #BrisbanePestControl #SlugABug",https://raw.githubusercontent.com/Buglif69/Bugboss/e725722536233a4d6cda52cae70e1f39325e3b6b/social-pack/facebook/post-087.jpg,https://raw.githubusercontent.com/Buglif69/Bugboss/e725722536233a4d6cda52cae70e1f39325e3b6b/social-pack/instagram-feed/post-087.jpg,https://raw.githubusercontent.com/Buglif69/Bugboss/e725722536233a4d6cda52cae70e1f39325e3b6b/social-pack/instagram-story/post-087.jpg,https://raw.githubusercontent.com/Buglif69/Bugboss/e725722536233a4d6cda52cae70e1f39325e3b6b/social-pack/square/post-087.jpg
2026-10-29,Thu,"Did You Know",032,"Roaches run 5km/h","A cockroach can hit 5km/h — scaled to our size, that’s sprinting at 300km/h. 🏃 You won’t win with a thong. One treatment gets the whole family. 📞 (07) 3113 9666 #CockroachControl #BrisbanePestControl #SlugABug",https://raw.githubusercontent.com/Buglif69/Bugboss/e725722536233a4d6cda52cae70e1f39325e3b6b/social-pack/facebook/post-032.jpg,https://raw.githubusercontent.com/Buglif69/Bugboss/e725722536233a4d6cda52cae70e1f39325e3b6b/social-pack/instagram-feed/post-032.jpg,https://raw.githubusercontent.com/Buglif69/Bugboss/e725722536233a4d6cda52cae70e1f39325e3b6b/social-pack/instagram-story/post-032.jpg,https://raw.githubusercontent.com/Buglif69/Bugboss/e725722536233a4d6cda52cae70e1f39325e3b6b/social-pack/square/post-032.jpg
2026-10-30,Fri,"Trust & Offers",088,"If they come back, so do we","Our promise: pests back within 30 days → we re-treat FREE. Still unhappy → refund + $25. We can only offer that because it almost never happens. 📞 (07) 3113 9666 #Guarantee #BrisbanePestControl #SlugABug",https://raw.githubusercontent.com/Buglif69/Bugboss/e725722536233a4d6cda52cae70e1f39325e3b6b/social-pack/facebook/post-088.jpg,https://raw.githubusercontent.com/Buglif69/Bugboss/e725722536233a4d6cda52cae70e1f39325e3b6b/social-pack/instagram-feed/post-088.jpg,https://raw.githubusercontent.com/Buglif69/Bugboss/e725722536233a4d6cda52cae70e1f39325e3b6b/social-pack/instagram-story/post-088.jpg,https://raw.githubusercontent.com/Buglif69/Bugboss/e725722536233a4d6cda52cae70e1f39325e3b6b/social-pack/square/post-088.jpg
2026-10-31,Sat,"Did You Know",033,"500 eggs per bed bug female","One female bed bug can lay 500 eggs in her lifetime — a few bites becomes every-room-in-the-house within weeks. Early treatment is everything. 📞 (07) 3113 9666 #BedBugs #BrisbanePestControl #SlugABug",https://raw.githubusercontent.com/Buglif69/Bugboss/e725722536233a4d6cda52cae70e1f39325e3b6b/social-pack/facebook/post-033.jpg,https://raw.githubusercontent.com/Buglif69/Bugboss/e725722536233a4d6cda52cae70e1f39325e3b6b/social-pack/instagram-feed/post-033.jpg,https://raw.githubusercontent.com/Buglif69/Bugboss/e725722536233a4d6cda52cae70e1f39325e3b6b/social-pack/instagram-story/post-033.jpg,https://raw.githubusercontent.com/Buglif69/Bugboss/e725722536233a4d6cda52cae70e1f39325e3b6b/social-pack/square/post-033.jpg
2026-11-01,Sun,"Did You Know",034,"Never far from a spider","Wherever you’re reading this — you’re not far from a spider. 🕷️ Most are harmless; redbacks and white-tails are the Brisbane exceptions. A perimeter treatment keeps them out of reach. 📞 (07) 3113 9666 #SpiderControl #Brisbane #SlugABug",https://raw.githubusercontent.com/Buglif69/Bugboss/e725722536233a4d6cda52cae70e1f39325e3b6b/social-pack/facebook/post-034.jpg,https://raw.githubusercontent.com/Buglif69/Bugboss/e725722536233a4d6cda52cae70e1f39325e3b6b/social-pack/instagram-feed/post-034.jpg,https://raw.githubusercontent.com/Buglif69/Bugboss/e725722536233a4d6cda52cae70e1f39325e3b6b/social-pack/instagram-story/post-034.jpg,https://raw.githubusercontent.com/Buglif69/Bugboss/e725722536233a4d6cda52cae70e1f39325e3b6b/social-pack/square/post-034.jpg
2026-11-02,Mon,"Did You Know",035,"Termites never sleep","Termites never sleep — they eat 24/7, no weekends, no public holidays. 😳 The only defence is catching them early. 📞 (07) 3113 9666 #Termites #TermiteInspection #SlugABug",https://raw.githubusercontent.com/Buglif69/Bugboss/e725722536233a4d6cda52cae70e1f39325e3b6b/social-pack/facebook/post-035.jpg,https://raw.githubusercontent.com/Buglif69/Bugboss/e725722536233a4d6cda52cae70e1f39325e3b6b/social-pack/instagram-feed/post-035.jpg,https://raw.githubusercontent.com/Buglif69/Bugboss/e725722536233a4d6cda52cae70e1f39325e3b6b/social-pack/instagram-story/post-035.jpg,https://raw.githubusercontent.com/Buglif69/Bugboss/e725722536233a4d6cda52cae70e1f39325e3b6b/social-pack/square/post-035.jpg
2026-11-03,Tue,"Did You Know",036,"Fleas jump 150x their height","A flea can jump 150 times its own height — straight from the lawn onto your pet, and from the carpet onto you. Treat yard + house + pet the same week. 📞 (07) 3113 9666 #FleaTreatment #BrisbanePets #SlugABug",https://raw.githubusercontent.com/Buglif69/Bugboss/e725722536233a4d6cda52cae70e1f39325e3b6b/social-pack/facebook/post-036.jpg,https://raw.githubusercontent.com/Buglif69/Bugboss/e725722536233a4d6cda52cae70e1f39325e3b6b/social-pack/instagram-feed/post-036.jpg,https://raw.githubusercontent.com/Buglif69/Bugboss/e725722536233a4d6cda52cae70e1f39325e3b6b/social-pack/instagram-story/post-036.jpg,https://raw.githubusercontent.com/Buglif69/Bugboss/e725722536233a4d6cda52cae70e1f39325e3b6b/social-pack/square/post-036.jpg
2026-11-04,Wed,"Did You Know",037,"Huntsmen: the good guys, mostly","Huntsmen actually eat cockroaches — nature’s pest control. But if eight legs on the sun visor isn’t your vibe, we’ll keep them (and their dinner) outdoors. 🕷️ 📞 (07) 3113 9666 #Huntsman #BrisbanePestControl #SlugABug",https://raw.githubusercontent.com/Buglif69/Bugboss/e725722536233a4d6cda52cae70e1f39325e3b6b/social-pack/facebook/post-037.jpg,https://raw.githubusercontent.com/Buglif69/Bugboss/e725722536233a4d6cda52cae70e1f39325e3b6b/social-pack/instagram-feed/post-037.jpg,https://raw.githubusercontent.com/Buglif69/Bugboss/e725722536233a4d6cda52cae70e1f39325e3b6b/social-pack/instagram-story/post-037.jpg,https://raw.githubusercontent.com/Buglif69/Bugboss/e725722536233a4d6cda52cae70e1f39325e3b6b/social-pack/square/post-037.jpg
2026-11-05,Thu,"Did You Know",095,"$10k+ average termite repair","Average termite repair bill in Australia: $10,000+. Annual inspection: a few hundred. Insurance covers neither the damage nor the maths. 🧮 📞 (07) 3113 9666 #Termites #BrisbaneHomes #SlugABug",https://raw.githubusercontent.com/Buglif69/Bugboss/e725722536233a4d6cda52cae70e1f39325e3b6b/social-pack/facebook/post-095.jpg,https://raw.githubusercontent.com/Buglif69/Bugboss/e725722536233a4d6cda52cae70e1f39325e3b6b/social-pack/instagram-feed/post-095.jpg,https://raw.githubusercontent.com/Buglif69/Bugboss/e725722536233a4d6cda52cae70e1f39325e3b6b/social-pack/instagram-story/post-095.jpg,https://raw.githubusercontent.com/Buglif69/Bugboss/e725722536233a4d6cda52cae70e1f39325e3b6b/social-pack/square/post-095.jpg
2026-11-06,Fri,"Did You Know",096,"Roaches trigger asthma","Cockroaches aren’t just gross — droppings and shed skins become airborne allergens and a recognised asthma trigger, especially for kids. A roach-free home literally breathes easier. 📞 (07) 3113 9666 #AsthmaAwareness #HealthyHome #SlugABug",https://raw.githubusercontent.com/Buglif69/Bugboss/e725722536233a4d6cda52cae70e1f39325e3b6b/social-pack/facebook/post-096.jpg,https://raw.githubusercontent.com/Buglif69/Bugboss/e725722536233a4d6cda52cae70e1f39325e3b6b/social-pack/instagram-feed/post-096.jpg,https://raw.githubusercontent.com/Buglif69/Bugboss/e725722536233a4d6cda52cae70e1f39325e3b6b/social-pack/instagram-story/post-096.jpg,https://raw.githubusercontent.com/Buglif69/Bugboss/e725722536233a4d6cda52cae70e1f39325e3b6b/social-pack/square/post-096.jpg
2026-11-07,Sat,"Did You Know",097,"Insurance won’t save you","Read your home insurance PDS: termite damage is almost always excluded. Prevention is the only cover you can actually buy. 📄 📞 (07) 3113 9666 #Termites #HomeInsurance #SlugABug",https://raw.githubusercontent.com/Buglif69/Bugboss/e725722536233a4d6cda52cae70e1f39325e3b6b/social-pack/facebook/post-097.jpg,https://raw.githubusercontent.com/Buglif69/Bugboss/e725722536233a4d6cda52cae70e1f39325e3b6b/social-pack/instagram-feed/post-097.jpg,https://raw.githubusercontent.com/Buglif69/Bugboss/e725722536233a4d6cda52cae70e1f39325e3b6b/social-pack/instagram-story/post-097.jpg,https://raw.githubusercontent.com/Buglif69/Bugboss/e725722536233a4d6cda52cae70e1f39325e3b6b/social-pack/square/post-097.jpg
2026-11-08,Sun,"Did You Know",098,"365 days of pest activity","Brisbane’s subtropical climate means pests get no winter die-off — 365 days of activity a year. The upside? Year-round protection works year-round too. 🌏 📞 (07) 3113 9666 #Brisbane #PestControl #SlugABug",https://raw.githubusercontent.com/Buglif69/Bugboss/e725722536233a4d6cda52cae70e1f39325e3b6b/social-pack/facebook/post-098.jpg,https://raw.githubusercontent.com/Buglif69/Bugboss/e725722536233a4d6cda52cae70e1f39325e3b6b/social-pack/instagram-feed/post-098.jpg,https://raw.githubusercontent.com/Buglif69/Bugboss/e725722536233a4d6cda52cae70e1f39325e3b6b/social-pack/instagram-story/post-098.jpg,https://raw.githubusercontent.com/Buglif69/Bugboss/e725722536233a4d6cda52cae70e1f39325e3b6b/social-pack/square/post-098.jpg
2026-11-09,Mon,"Did You Know",099,"Deadliest animal: the mozzie","The deadliest animal on Earth isn’t a shark or a snake — it’s the mosquito, spreader of more disease than anything alive. In QLD that includes Ross River virus. 🦟 📞 (07) 3113 9666 #Mosquitoes #QLDHealth #SlugABug",https://raw.githubusercontent.com/Buglif69/Bugboss/e725722536233a4d6cda52cae70e1f39325e3b6b/social-pack/facebook/post-099.jpg,https://raw.githubusercontent.com/Buglif69/Bugboss/e725722536233a4d6cda52cae70e1f39325e3b6b/social-pack/instagram-feed/post-099.jpg,https://raw.githubusercontent.com/Buglif69/Bugboss/e725722536233a4d6cda52cae70e1f39325e3b6b/social-pack/instagram-story/post-099.jpg,https://raw.githubusercontent.com/Buglif69/Bugboss/e725722536233a4d6cda52cae70e1f39325e3b6b/social-pack/square/post-099.jpg
2026-11-10,Tue,"Trust & Offers",100,"Finale: one number to remember","Post #100! 🎉 Whatever’s crawling, scurrying, swarming or silently chewing — one call sorts it. Save the number, use it once a year. 📞 (07) 3113 9666 #SlugABug #BrisbanePestControl #FamilyOwned",https://raw.githubusercontent.com/Buglif69/Bugboss/e725722536233a4d6cda52cae70e1f39325e3b6b/social-pack/facebook/post-100.jpg,https://raw.githubusercontent.com/Buglif69/Bugboss/e725722536233a4d6cda52cae70e1f39325e3b6b/social-pack/instagram-feed/post-100.jpg,https://raw.githubusercontent.com/Buglif69/Bugboss/e725722536233a4d6cda52cae70e1f39325e3b6b/social-pack/instagram-story/post-100.jpg,https://raw.githubusercontent.com/Buglif69/Bugboss/e725722536233a4d6cda52cae70e1f39325e3b6b/social-pack/square/post-100.jpg
