date,time,text,media_url,campaign,post
2026-08-03,07:30,"Termites do more damage to Australian homes every year than fire, storms and floods combined — and most insurance policies won't cover a cent of it. 😳 A yearly inspection is the cheapest protection there is. Book yours today 👉 (07) 3113 9666",https://raw.githubusercontent.com/Buglif69/Bugboss/e725722536233a4d6cda52cae70e1f39325e3b6b/social-pack/facebook/post-001.jpg,"Did You Know",001
2026-08-04,07:30,"Pests don't take winter off. ❄️ When Brisbane temperatures drop, rodents, cockroaches and spiders move indoors looking for warmth, food and shelter — your roof void, kitchen and garage. Protect your home before they settle in. 📞 (07) 3113 9666",https://raw.githubusercontent.com/Buglif69/Bugboss/e725722536233a4d6cda52cae70e1f39325e3b6b/social-pack/facebook/post-008.jpg,"Seasonal",008
2026-08-05,07:30,"1 in 3 Queensland homes will be hit by termites. We use Termatrac radar detection to find them inside your walls — no drilling, no guesswork. Australian Standards recommend an inspection every 12 months. When was yours? 📞 (07) 3113 9666",https://raw.githubusercontent.com/Buglif69/Bugboss/e725722536233a4d6cda52cae70e1f39325e3b6b/social-pack/facebook/post-012.jpg,"Services",012
2026-08-06,07:30,"Is something living in your roof? 👂 Scratching at night, droppings in the pantry, gnaw marks on cables, a musky smell, pets staring at the ceiling… tick any of these and it's time to call. Roof rats multiply fast. 📞 (07) 3113 9666",https://raw.githubusercontent.com/Buglif69/Bugboss/e725722536233a4d6cda52cae70e1f39325e3b6b/social-pack/facebook/post-014.jpg,"Services",014
2026-08-07,07:30,"1,200+ five-star reviews. ⭐⭐⭐⭐⭐ Family owned, 20+ years in Brisbane, fully licensed and insured. Locals don't leave reviews like that for average work. See why Brisbane keeps calling us back. 📞 (07) 3113 9666",https://raw.githubusercontent.com/Buglif69/Bugboss/e725722536233a4d6cda52cae70e1f39325e3b6b/social-pack/facebook/post-018.jpg,"Trust & Offers",018
2026-08-08,07:30,"MYTH: ""Surface spray kills termites."" FACT: it just makes them harder to find. Disturbed termites abandon the area — then quietly tunnel somewhere else in your home. Found termites? Don't touch them. Call us first for free advice. 📞 (07) 3113 9666",https://raw.githubusercontent.com/Buglif69/Bugboss/e725722536233a4d6cda52cae70e1f39325e3b6b/social-pack/facebook/post-022.jpg,"Myth-Busting",022
2026-08-09,07:30,"Make your home boring to pests. 🏠 Seal the gaps, trim branches off the roofline, fix leaking taps, seal your food — and book one professional treatment a year. Do the five, we'll handle the rest. 📞 (07) 3113 9666",https://raw.githubusercontent.com/Buglif69/Bugboss/e725722536233a4d6cda52cae70e1f39325e3b6b/social-pack/facebook/post-025.jpg,"Pro Tips",025
2026-08-10,07:30,"North Lakes! 🏡 New estates + bushland edges = termite pressure from day one. Your local team covers North Lakes & Mango Hill — inspections, barriers, treatments. 📞 (07) 3113 9666 #NorthLakes #BrisbanePestControl #SlugABug",https://raw.githubusercontent.com/Buglif69/Bugboss/e725722536233a4d6cda52cae70e1f39325e3b6b/social-pack/facebook/post-038.jpg,"Suburb Spotlight",038
2026-08-11,07:30,"Childcare directors: pest control should be invisible to the kids and obvious to the auditor. After-hours treatments, child-safe products, full documentation. 📞 (07) 3113 9666 #Childcare #CompliantPestControl #SlugABug",https://raw.githubusercontent.com/Buglif69/Bugboss/e725722536233a4d6cda52cae70e1f39325e3b6b/social-pack/facebook/post-048.jpg,"Commercial",048
2026-08-12,07:30,"“How often do I actually need pest control?” For most Brisbane homes: once every 12 months — general treatment + termite inspection. We’ll remind you when it’s due. 🗓️ 📞 (07) 3113 9666 #AskSlugABug #PestControl101 #SlugABug",https://raw.githubusercontent.com/Buglif69/Bugboss/e725722536233a4d6cda52cae70e1f39325e3b6b/social-pack/facebook/post-089.jpg,"Q&A",089
2026-08-13,07:30,"A cockroach can live a WEEK without its head. 🪳 Imagine what it can survive under your fridge. If you're seeing roaches in daylight, there are hundreds you don't see. One treatment, 30-day guarantee. 📞 (07) 3113 9666",https://raw.githubusercontent.com/Buglif69/Bugboss/e725722536233a4d6cda52cae70e1f39325e3b6b/social-pack/facebook/post-002.jpg,"Did You Know",002
2026-08-14,07:30,"🚨 Seen ""flying ants"" at dusk? That's probably a termite swarm — and it means a mature nest is nearby, possibly already in your walls. Don't spray them. Don't touch them. Call us before they disappear. 📞 (07) 3113 9666",https://raw.githubusercontent.com/Buglif69/Bugboss/e725722536233a4d6cda52cae70e1f39325e3b6b/social-pack/facebook/post-009.jpg,"Seasonal",009
2026-08-15,07:30,"One visit. Every pest. ✅ Cockroaches ✅ Spiders ✅ Ants ✅ Silverfish & wasps — all covered in one general treatment, backed by our 30-day guarantee. Afterpay available. 📞 (07) 3113 9666",https://raw.githubusercontent.com/Buglif69/Bugboss/e725722536233a4d6cda52cae70e1f39325e3b6b/social-pack/facebook/post-013.jpg,"Services",013
2026-08-16,07:30,"5 signs termites are already home: mud tubes on walls, sticking doors and windows, hollow-sounding timber, blistering paint, discarded wings on the sills. Spotted one? Don't disturb it — early detection saves thousands. 📞 (07) 3113 9666",https://raw.githubusercontent.com/Buglif69/Bugboss/e725722536233a4d6cda52cae70e1f39325e3b6b/social-pack/facebook/post-023.jpg,"Services",023
2026-08-17,07:30,"Our 30-day guarantee, in plain English: not happy? We re-treat FREE. Still not happy? Full refund + $25 for your trouble. No fine print, no hoops — just pest control that has to work. 📞 (07) 3113 9666",https://raw.githubusercontent.com/Buglif69/Bugboss/e725722536233a4d6cda52cae70e1f39325e3b6b/social-pack/facebook/post-019.jpg,"Trust & Offers",019
2026-08-18,07:30,"Supermarket sprays kill the ones you see. We stop the thousands you don't. 🎯 Nests, egg cases, trails and entry points — a professional treatment breaks the breeding cycle instead of the surface. Stop repeat-buying spray cans. 📞 (07) 3113 9666",https://raw.githubusercontent.com/Buglif69/Bugboss/e725722536233a4d6cda52cae70e1f39325e3b6b/social-pack/facebook/post-024.jpg,"Myth-Busting",024
2026-08-19,07:30,"Little moths flying out of the pantry? Webbing in the flour? Eviction time: bin it, airtight everything, vinegar-wipe, freeze new bulk buys. Still fluttering — call us. 📞 (07) 3113 9666 #PantryMoths #KitchenTips #SlugABug",https://raw.githubusercontent.com/Buglif69/Bugboss/e725722536233a4d6cda52cae70e1f39325e3b6b/social-pack/facebook/post-071.jpg,"Pro Tips",071
2026-08-20,07:30,"Chermside! Units and townhouses share more than walls — roaches and ants travel between neighbours fast. We treat single units or whole complexes. 📞 (07) 3113 9666 #Chermside #BrisbanePestControl #SlugABug",https://raw.githubusercontent.com/Buglif69/Bugboss/e725722536233a4d6cda52cae70e1f39325e3b6b/social-pack/facebook/post-039.jpg,"Suburb Spotlight",039
2026-08-21,07:30,"Aged care facilities run on zero-tolerance standards — so do we. Discreet scheduled treatments, sensitive-environment products, accreditation-ready docs. 📞 (07) 3113 9666 #AgedCare #FacilityManagement #SlugABug",https://raw.githubusercontent.com/Buglif69/Bugboss/e725722536233a4d6cda52cae70e1f39325e3b6b/social-pack/facebook/post-049.jpg,"Commercial",049
2026-08-22,07:30,"“Is it safe for my pets?” Yes — pet-considerate products, bowls and tanks covered, and clear drying times before paws hit floors. Tell us about your crew when you book. 🐕 📞 (07) 3113 9666 #AskSlugABug #PetSafe #SlugABug",https://raw.githubusercontent.com/Buglif69/Bugboss/e725722536233a4d6cda52cae70e1f39325e3b6b/social-pack/facebook/post-090.jpg,"Q&A",090
2026-08-23,07:30,"Spraying one ant does nothing — they follow an invisible scent trail, and thousands more are already on the way. We treat the trail, the nest and the entry points. Ants keep coming back? We end the trail. 📞 (07) 3113 9666",https://raw.githubusercontent.com/Buglif69/Bugboss/e725722536233a4d6cda52cae70e1f39325e3b6b/social-pack/facebook/post-003.jpg,"Did You Know",003
2026-08-24,07:30,"Ever noticed ants invade your kitchen the day after a downpour? ⛈️ Flooded nests send whole colonies looking for higher, drier ground — aka your house. A perimeter treatment keeps them out all storm season. 📞 (07) 3113 9666",https://raw.githubusercontent.com/Buglif69/Bugboss/e725722536233a4d6cda52cae70e1f39325e3b6b/social-pack/facebook/post-010.jpg,"Seasonal",010
2026-08-25,07:30,"A barrier they can't cross. 🛡️ Sentricon, Trelona ATBS and Australian-Standard chemical barriers — the right system for your block, installed by licensed techs. Protection that works while you sleep. 📞 (07) 3113 9666",https://raw.githubusercontent.com/Buglif69/Bugboss/e725722536233a4d6cda52cae70e1f39325e3b6b/social-pack/facebook/post-015.jpg,"Services",015
2026-08-26,07:30,"Family owned. Brisbane grown. 🌱 20+ years keeping local homes pest-free — no call centres, no franchises. The techs who quote your job are the ones who turn up. Real people, real guarantees. 📞 (07) 3113 9666",https://raw.githubusercontent.com/Buglif69/Bugboss/e725722536233a4d6cda52cae70e1f39325e3b6b/social-pack/facebook/post-020.jpg,"Trust & Offers",020
2026-08-27,07:30,"MYTH: “Clean homes don’t get pests.” FACT: pests come for warmth, water and shelter — not mess. The tidiest home in Brisbane still qualifies. 📞 (07) 3113 9666 #MythBusted #BrisbanePestControl #SlugABug",https://raw.githubusercontent.com/Buglif69/Bugboss/e725722536233a4d6cda52cae70e1f39325e3b6b/social-pack/facebook/post-064.jpg,"Myth-Busting",064
2026-08-28,07:30,"Five free yard upgrades that genuinely cut pests: no standing water, firewood off the ground, regular mowing, sealed bins, mulch pulled back from walls. Then we seal the rest. 🌱 📞 (07) 3113 9666 #YardTips #BrisbaneGardens #SlugABug",https://raw.githubusercontent.com/Buglif69/Bugboss/e725722536233a4d6cda52cae70e1f39325e3b6b/social-pack/facebook/post-072.jpg,"Pro Tips",072
2026-08-29,07:30,"Redcliffe Peninsula — Scarborough to Clontarf! 🌊 Older Queenslanders + coastal conditions are exactly what termites like. Local techs who know the peninsula. 📞 (07) 3113 9666 #Redcliffe #PeninsulaLocals #SlugABug",https://raw.githubusercontent.com/Buglif69/Bugboss/e725722536233a4d6cda52cae70e1f39325e3b6b/social-pack/facebook/post-040.jpg,"Suburb Spotlight",040
2026-08-30,07:30,"Schools: major pest work in the holidays, rapid response during term (looking at you, oval wasp nest 🐝), and records your admin will love. 📞 (07) 3113 9666 #Schools #FacilitiesManagement #SlugABug",https://raw.githubusercontent.com/Buglif69/Bugboss/e725722536233a4d6cda52cae70e1f39325e3b6b/social-pack/facebook/post-050.jpg,"Commercial",050
2026-08-31,07:30,"“How long does a treatment take?” Most homes: about 1–2 hours, in and out — inside, outside, roof void, perimeter. Book it in a lunch break. ⏱️ 📞 (07) 3113 9666 #AskSlugABug #PestControl101 #SlugABug",https://raw.githubusercontent.com/Buglif69/Bugboss/e725722536233a4d6cda52cae70e1f39325e3b6b/social-pack/facebook/post-091.jpg,"Q&A",091
2026-09-01,07:30,"Redbacks love your meter box. And your letterbox. And that pair of gloves in the shed. 🕷️ Bites spike in the warm months — a perimeter treatment keeps sheds, fences and play equipment clear. Kids and pets outside? Get the yard treated. 📞 (07) 3113 9666",https://raw.githubusercontent.com/Buglif69/Bugboss/e725722536233a4d6cda52cae70e1f39325e3b6b/social-pack/facebook/post-004.jpg,"Did You Know",004
2026-09-02,07:30,"Heat + humidity = cockroach season. Brisbane summers are a roach's dream — warmth speeds up breeding, and one female's family tree can hit 30,000 in a year. 🥵 Get ahead of them before it peaks. 📞 (07) 3113 9666",https://raw.githubusercontent.com/Buglif69/Bugboss/e725722536233a4d6cda52cae70e1f39325e3b6b/social-pack/facebook/post-011.jpg,"Seasonal",011
2026-09-03,07:30,"One roach can close a kitchen. For cafés, restaurants and food businesses we deliver scheduled treatments, full reporting and audit-ready compliance documentation — so inspectors find nothing, and neither do your customers. 📞 (07) 3113 9666",https://raw.githubusercontent.com/Buglif69/Bugboss/e725722536233a4d6cda52cae70e1f39325e3b6b/social-pack/facebook/post-016.jpg,"Services",016
2026-09-04,07:30,"Fully licensed (QLD Pest PMT 1004307814 · QBCC 1122314), fully insured, fully guaranteed. And yes — Afterpay is available, because pest control shouldn't have to wait for payday. 📞 (07) 3113 9666",https://raw.githubusercontent.com/Buglif69/Bugboss/e725722536233a4d6cda52cae70e1f39325e3b6b/social-pack/facebook/post-021.jpg,"Trust & Offers",021
2026-09-05,07:30,"MYTH: “The cat will handle it.” FACT: one pair of rats can produce 200+ descendants a year. Mittens is doing her best — she’s outnumbered. 🐱 📞 (07) 3113 9666 #MythBusted #RodentControl #SlugABug",https://raw.githubusercontent.com/Buglif69/Bugboss/e725722536233a4d6cda52cae70e1f39325e3b6b/social-pack/facebook/post-065.jpg,"Myth-Busting",065
2026-09-06,07:30,"Moving out with pets? Most leases require a professional flea treatment — we do fast end-of-lease visits with the receipt your property manager wants. 🏡 📞 (07) 3113 9666 #EndOfLease #BrisbaneRentals #SlugABug",https://raw.githubusercontent.com/Buglif69/Bugboss/e725722536233a4d6cda52cae70e1f39325e3b6b/social-pack/facebook/post-073.jpg,"Pro Tips",073
2026-09-07,07:30,"Strathpine, Bray Park & Warner! 🌳 Leafy blocks bring spiders to the fence line and rodents to the roof each winter. One yearly treatment keeps it all calm. 📞 (07) 3113 9666 #Strathpine #PineRivers #SlugABug",https://raw.githubusercontent.com/Buglif69/Bugboss/e725722536233a4d6cda52cae70e1f39325e3b6b/social-pack/facebook/post-041.jpg,"Suburb Spotlight",041
2026-09-08,07:30,"Hospitality friends: one roach near a table becomes a Google review headline. Scheduled programs invisible to diners, audit-ready for inspectors. ⭐ 📞 (07) 3113 9666 #BrisbaneCafes #Hospitality #SlugABug",https://raw.githubusercontent.com/Buglif69/Bugboss/e725722536233a4d6cda52cae70e1f39325e3b6b/social-pack/facebook/post-051.jpg,"Commercial",051
2026-09-09,07:30,"“Do we need to leave during treatment?” Usually not — modern low-odour products mean most families stay home. If clear time is needed, we schedule around naps and school runs. 📞 (07) 3113 9666 #AskSlugABug #FamilyFriendly #SlugABug",https://raw.githubusercontent.com/Buglif69/Bugboss/e725722536233a4d6cda52cae70e1f39325e3b6b/social-pack/facebook/post-092.jpg,"Q&A",092
2026-09-10,07:30,"20mm. About the width of your thumb — and all the gap a rat needs to move into your roof. 🐀 They chew wiring, contaminate food and a single pair can become 200+ in a year. We find the entry points and close them for good. 📞 (07) 3113 9666",https://raw.githubusercontent.com/Buglif69/Bugboss/e725722536233a4d6cda52cae70e1f39325e3b6b/social-pack/facebook/post-005.jpg,"Did You Know",005
2026-09-11,07:30,"Doing the big spring clean? While everything’s pulled out anyway — check behind the fridge, under sinks, and finish with a professional treatment. One visit covers the year. 🌸 📞 (07) 3113 9666 #SpringClean #BrisbaneHomes #SlugABug",https://raw.githubusercontent.com/Buglif69/Bugboss/e725722536233a4d6cda52cae70e1f39325e3b6b/social-pack/facebook/post-058.jpg,"Seasonal",058
2026-09-12,07:30,"Buying a home? Don't buy their termites. 🏡 A pre-purchase pest inspection with Termatrac radar detection and a full written report is the cheapest insurance in the whole deal. Know exactly what you're buying — before you sign. 📞 (07) 3113 9666",https://raw.githubusercontent.com/Buglif69/Bugboss/e725722536233a4d6cda52cae70e1f39325e3b6b/social-pack/facebook/post-017.jpg,"Services",017
2026-09-13,07:30,"Pests don’t wait for payday — so protection doesn’t have to either. Afterpay available on every treatment, same 30-day guarantee. 📞 (07) 3113 9666 #Afterpay #BrisbanePestControl #SlugABug",https://raw.githubusercontent.com/Buglif69/Bugboss/e725722536233a4d6cda52cae70e1f39325e3b6b/social-pack/facebook/post-079.jpg,"Trust & Offers",079
2026-09-14,07:30,"Those plug-in ultrasonic pest repellers? Independent testing keeps finding the same thing: pests ignore them. Put the money toward a treatment with a written guarantee. 📞 (07) 3113 9666 #MythBusted #PestControl #SlugABug",https://raw.githubusercontent.com/Buglif69/Bugboss/e725722536233a4d6cda52cae70e1f39325e3b6b/social-pack/facebook/post-066.jpg,"Myth-Busting",066
2026-09-15,07:30,"Moving house? Roaches ride in cardboard and bed bugs ride in secondhand couches. Treat the new place BEFORE the furniture arrives — fresh start, actually fresh. 📦 📞 (07) 3113 9666 #MovingHouse #BrisbaneMoves #SlugABug",https://raw.githubusercontent.com/Buglif69/Bugboss/e725722536233a4d6cda52cae70e1f39325e3b6b/social-pack/facebook/post-074.jpg,"Pro Tips",074
2026-09-16,07:30,"Caboolture & Morayfield! 🚜 Acreage and sheds are prime pest territory — rodents, wasps, termites in the fence posts. We handle the lot. 📞 (07) 3113 9666 #Caboolture #Morayfield #SlugABug",https://raw.githubusercontent.com/Buglif69/Bugboss/e725722536233a4d6cda52cae70e1f39325e3b6b/social-pack/facebook/post-042.jpg,"Suburb Spotlight",042
2026-09-17,07:30,"Warehouse managers: pallets + cardboard + quiet corners = rodent paradise. A mapped, monitored baiting program costs less than one contaminated consignment. 📞 (07) 3113 9666 #Warehouse #Logistics #SlugABug",https://raw.githubusercontent.com/Buglif69/Bugboss/e725722536233a4d6cda52cae70e1f39325e3b6b/social-pack/facebook/post-052.jpg,"Commercial",052
2026-09-18,07:30,"Booked in? Prep takes five minutes: clear benches, stash toys and pet bowls, secure pets, unlock access, note where you’ve seen the action. We do the rest. ✅ 📞 (07) 3113 9666 #AskSlugABug #PestControl101 #SlugABug",https://raw.githubusercontent.com/Buglif69/Bugboss/e725722536233a4d6cda52cae70e1f39325e3b6b/social-pack/facebook/post-093.jpg,"Q&A",093
2026-09-19,07:30,"Bed bugs can wait MONTHS between meals. Moving house or just back from a holiday? They hitchhike in luggage. Itchy bites in a line, blood spots on sheets, dark specks on the mattress seam = time to call. 📞 (07) 3113 9666",https://raw.githubusercontent.com/Buglif69/Bugboss/e725722536233a4d6cda52cae70e1f39325e3b6b/social-pack/facebook/post-006.jpg,"Did You Know",006
2026-09-20,07:30,"Rodents love Christmas too — a December pantry full of hampers and baking supplies is their jackpot. 🎄 Get sealed and treated before the relatives arrive. 📞 (07) 3113 9666 #Christmas #BrisbaneHomes #SlugABug",https://raw.githubusercontent.com/Buglif69/Bugboss/e725722536233a4d6cda52cae70e1f39325e3b6b/social-pack/facebook/post-059.jpg,"Seasonal",059
2026-09-21,07:30,"Our Termatrac radar literally sees termite movement through walls — no drilling, no guesswork, no “open it up and see”. Detection first, drama never. 📡 📞 (07) 3113 9666 #Termatrac #TermiteInspection #SlugABug",https://raw.githubusercontent.com/Buglif69/Bugboss/e725722536233a4d6cda52cae70e1f39325e3b6b/social-pack/facebook/post-080.jpg,"Trust & Offers",080
2026-09-22,07:30,"MYTH: “Termites only eat old homes.” FACT: new builds on cleared land face some of the highest termite pressure in QLD — and builders’ barriers expire. Know your dates. 📞 (07) 3113 9666 #MythBusted #Termites #SlugABug",https://raw.githubusercontent.com/Buglif69/Bugboss/e725722536233a4d6cda52cae70e1f39325e3b6b/social-pack/facebook/post-067.jpg,"Myth-Busting",067
2026-09-23,07:30,"Pet households: we plan every treatment around feeding areas, tanks and cages, and tell you exactly when floors are dry. Tough on pests, soft on paws. 🐾 📞 (07) 3113 9666 #PetFriendly #BrisbanePets #SlugABug",https://raw.githubusercontent.com/Buglif69/Bugboss/e725722536233a4d6cda52cae70e1f39325e3b6b/social-pack/facebook/post-075.jpg,"Pro Tips",075
2026-09-24,07:30,"Logan & Springwood! 🏗️ Every new development displaces pests into the established homes next door. Builders on your street? Book a check. 📞 (07) 3113 9666 #Logan #Springwood #SlugABug",https://raw.githubusercontent.com/Buglif69/Bugboss/e725722536233a4d6cda52cae70e1f39325e3b6b/social-pack/facebook/post-043.jpg,"Suburb Spotlight",043
2026-09-25,07:30,"Office kitchens: crumbs by Friday, ant trails by Monday. 🐜 After-hours treatments your team never notices — easiest facilities win of the quarter. 📞 (07) 3113 9666 #OfficeLife #FacilitiesManagement #SlugABug",https://raw.githubusercontent.com/Buglif69/Bugboss/e725722536233a4d6cda52cae70e1f39325e3b6b/social-pack/facebook/post-053.jpg,"Commercial",053
2026-09-26,07:30,"What actually happens in a termite inspection? Full interior + exterior, Termatrac radar and moisture readings, roof void and subfloor, same-day written report with photos, plain-English advice. 📞 (07) 3113 9666 #TermiteInspection #AskSlugABug #SlugABug",https://raw.githubusercontent.com/Buglif69/Bugboss/e725722536233a4d6cda52cae70e1f39325e3b6b/social-pack/facebook/post-094.jpg,"Q&A",094
2026-09-27,07:30,"95% of a flea problem isn't on your pet — it's eggs, larvae and pupae in your carpet, bedding and floorboards. Treat the dog without treating the house and they're back in a fortnight. Pets scratching? Treat the whole home. 📞 (07) 3113 9666",https://raw.githubusercontent.com/Buglif69/Bugboss/e725722536233a4d6cda52cae70e1f39325e3b6b/social-pack/facebook/post-007.jpg,"Did You Know",007
2026-09-28,07:30,"Back to school = lunchbox crumbs = ant trails by week 2. 🎒 A quick perimeter treatment now saves the whole term. 📞 (07) 3113 9666 #BackToSchool #AntControl #SlugABug",https://raw.githubusercontent.com/Buglif69/Bugboss/e725722536233a4d6cda52cae70e1f39325e3b6b/social-pack/facebook/post-060.jpg,"Seasonal",060
2026-09-29,07:30,"When you call us, a Brisbane local answers — and books you in days, not weeks. Urgent swarms, wasp nests and rodent jobs get priority. ⚡ 📞 (07) 3113 9666 #FastService #BrisbanePestControl #SlugABug",https://raw.githubusercontent.com/Buglif69/Bugboss/e725722536233a4d6cda52cae70e1f39325e3b6b/social-pack/facebook/post-081.jpg,"Trust & Offers",081
2026-09-30,07:30,"MYTH: “Daddy long-legs are the deadliest spider.” FACT: schoolyard legend — they’re harmless to humans. Redbacks and white-tails are the ones worth respecting. 📞 (07) 3113 9666 #MythBusted #SpiderFacts #SlugABug",https://raw.githubusercontent.com/Buglif69/Bugboss/e725722536233a4d6cda52cae70e1f39325e3b6b/social-pack/facebook/post-068.jpg,"Myth-Busting",068
2026-10-01,07:30,"Your garage is running a pest hotel: cardboard bedding, roller-door entry, undisturbed corners. Five-minute audit this weekend — then add it to the yearly treatment. 🚗 📞 (07) 3113 9666 #GarageGoals #BrisbaneHomes #SlugABug",https://raw.githubusercontent.com/Buglif69/Bugboss/e725722536233a4d6cda52cae70e1f39325e3b6b/social-pack/facebook/post-076.jpg,"Pro Tips",076
2026-10-02,07:30,"Capalaba & the Redlands! Bayside humidity keeps pests active basically year-round — regular treatment matters more here than most places. 📞 (07) 3113 9666 #Capalaba #Redlands #SlugABug",https://raw.githubusercontent.com/Buglif69/Bugboss/e725722536233a4d6cda52cae70e1f39325e3b6b/social-pack/facebook/post-044.jpg,"Suburb Spotlight",044
2026-10-03,07:30,"Strata committees: one contact, one invoice, whole complex covered — common areas, bulk unit pricing, termite inspections for the block, committee-ready reports. 📞 (07) 3113 9666 #Strata #BodyCorporate #SlugABug",https://raw.githubusercontent.com/Buglif69/Bugboss/e725722536233a4d6cda52cae70e1f39325e3b6b/social-pack/facebook/post-054.jpg,"Commercial",054
2026-10-04,07:30,"One termite queen lays up to 30,000 eggs a DAY — and keeps going for decades. 🤯 An annual inspection is the only early-warning system there is. 📞 (07) 3113 9666 #Termites #BrisbanePestControl #SlugABug",https://raw.githubusercontent.com/Buglif69/Bugboss/e725722536233a4d6cda52cae70e1f39325e3b6b/social-pack/facebook/post-026.jpg,"Did You Know",026
2026-10-05,07:30,"Business owners: commercial pest programs are a deductible operating expense. Lock yours in before June 30 and start the new FY protected. 📊 📞 (07) 3113 9666 #EOFY #BrisbaneBusiness #SlugABug",https://raw.githubusercontent.com/Buglif69/Bugboss/e725722536233a4d6cda52cae70e1f39325e3b6b/social-pack/facebook/post-061.jpg,"Seasonal",061
2026-10-06,07:30,"Free quotes, straight answers. We’ll tell you what you need, what you DON’T, and the price before we start. If a cheaper option does the job — you’ll hear it from us first. 📞 (07) 3113 9666 #StraightShooters #BrisbanePestControl #SlugABug",https://raw.githubusercontent.com/Buglif69/Bugboss/e725722536233a4d6cda52cae70e1f39325e3b6b/social-pack/facebook/post-082.jpg,"Trust & Offers",082
2026-10-07,07:30,"MYTH: “Coffee grounds keep ants away.” FACT: they detour around them — politely. ☕ Treat the nest and entry points; keep the coffee for yourself. 📞 (07) 3113 9666 #MythBusted #AntControl #SlugABug",https://raw.githubusercontent.com/Buglif69/Bugboss/e725722536233a4d6cda52cae70e1f39325e3b6b/social-pack/facebook/post-069.jpg,"Myth-Busting",069
2026-10-08,07:30,"Want your backyard back on warm evenings? Weekly water tip-outs, clean gutters, screened tanks, a fan where you sit — and a seasonal barrier treatment does the rest. 🌇 📞 (07) 3113 9666 #MozzieSeason #BrisbaneBackyards #SlugABug",https://raw.githubusercontent.com/Buglif69/Bugboss/e725722536233a4d6cda52cae70e1f39325e3b6b/social-pack/facebook/post-077.jpg,"Pro Tips",077
2026-10-09,07:30,"Wynnum, Manly & Lota! ⚓ Salt air doesn’t slow termites down — older bayside timber homes are their favourite menu. Annual inspections are essential. 📞 (07) 3113 9666 #Wynnum #Bayside #SlugABug",https://raw.githubusercontent.com/Buglif69/Bugboss/e725722536233a4d6cda52cae70e1f39325e3b6b/social-pack/facebook/post-045.jpg,"Suburb Spotlight",045
2026-10-10,07:30,"Gym owners: warm + damp change rooms are an open invitation for silverfish, roaches and drain flies. Overnight service keeps your floor open. 🏋️ 📞 (07) 3113 9666 #GymLife #BrisbaneFitness #SlugABug",https://raw.githubusercontent.com/Buglif69/Bugboss/e725722536233a4d6cda52cae70e1f39325e3b6b/social-pack/facebook/post-055.jpg,"Commercial",055
2026-10-11,07:30,"Ants can lift 20x their own body weight — and a colony can number 500,000. 💪 When scouts find your kitchen, the rest are coming. We treat the trail AND the nest. 📞 (07) 3113 9666 #AntControl #BrisbanePestControl #SlugABug",https://raw.githubusercontent.com/Buglif69/Bugboss/e725722536233a4d6cda52cae70e1f39325e3b6b/social-pack/facebook/post-027.jpg,"Did You Know",027
2026-10-12,07:30,"Wasps circling the BBQ? They’re not visiting — there’s a nest nearby. 🍺🐝 We find it and remove it safely before your next cook-up. 📞 (07) 3113 9666 #BBQSeason #WaspRemoval #SlugABug",https://raw.githubusercontent.com/Buglif69/Bugboss/e725722536233a4d6cda52cae70e1f39325e3b6b/social-pack/facebook/post-062.jpg,"Seasonal",062
2026-10-13,07:30,"Kids, pets, veggie patch — all accounted for. We explain what we use, where it goes and when it’s dry, before we start. 20+ years of family homes. 👨‍👩‍👧 📞 (07) 3113 9666 #FamilySafe #BrisbaneFamilies #SlugABug",https://raw.githubusercontent.com/Buglif69/Bugboss/e725722536233a4d6cda52cae70e1f39325e3b6b/social-pack/facebook/post-083.jpg,"Trust & Offers",083
2026-10-14,07:30,"MYTH: “One spray lasts forever.” FACT: weather and time wear every treatment down — that’s why protection runs on a yearly rhythm, backed by our 30-day guarantee. 📞 (07) 3113 9666 #MythBusted #PestControl #SlugABug",https://raw.githubusercontent.com/Buglif69/Bugboss/e725722536233a4d6cda52cae70e1f39325e3b6b/social-pack/facebook/post-070.jpg,"Myth-Busting",070
2026-10-15,07:30,"Blocked gutters: moisture for termites, nurseries for mozzies, and a rodent bridge straight into the roof void. Clean gutters are DIY pest control — we handle the rest. 🪜 📞 (07) 3113 9666 #HomeMaintenance #BrisbaneHomes #SlugABug",https://raw.githubusercontent.com/Buglif69/Bugboss/e725722536233a4d6cda52cae70e1f39325e3b6b/social-pack/facebook/post-078.jpg,"Pro Tips",078
2026-10-16,07:30,"Sunnybank! 🥟 Brisbane’s best food scene deserves audit-ready pest control — and the homes around it get the same standard. 📞 (07) 3113 9666 #Sunnybank #BrisbaneFood #SlugABug",https://raw.githubusercontent.com/Buglif69/Bugboss/e725722536233a4d6cda52cae70e1f39325e3b6b/social-pack/facebook/post-046.jpg,"Suburb Spotlight",046
2026-10-17,07:30,"Medical clinics need pest control that’s as precise as they are — sensitive products, after-hours scheduling, inspection-proof documentation. 📞 (07) 3113 9666 #MedicalClinic #PracticeManagement #SlugABug",https://raw.githubusercontent.com/Buglif69/Bugboss/e725722536233a4d6cda52cae70e1f39325e3b6b/social-pack/facebook/post-056.jpg,"Commercial",056
2026-10-18,07:30,"Mosquitoes find you by tracking your breath — CO₂, body heat and dark clothing. 🦟 And they breed in a bottle-cap of water. A yard treatment changes your whole summer. 📞 (07) 3113 9666 #Mosquitoes #BrisbaneBackyards #SlugABug",https://raw.githubusercontent.com/Buglif69/Bugboss/e725722536233a4d6cda52cae70e1f39325e3b6b/social-pack/facebook/post-028.jpg,"Did You Know",028
2026-10-19,07:30,"Heading away these holidays? An empty, quiet house is a pest’s dream Airbnb. 🧳 A pre-trip treatment means you come home to YOUR house — not theirs. 📞 (07) 3113 9666 #HolidayPrep #BrisbaneHomes #SlugABug",https://raw.githubusercontent.com/Buglif69/Bugboss/e725722536233a4d6cda52cae70e1f39325e3b6b/social-pack/facebook/post-063.jpg,"Seasonal",063
2026-10-20,07:30,"From North Lakes and Redcliffe, through the CBD and bayside, down to Shailer Park — one local team covers the whole corridor. Your suburb? Almost certainly yes. 🗺️ 📞 (07) 3113 9666 #Brisbane #LocalBusiness #SlugABug",https://raw.githubusercontent.com/Buglif69/Bugboss/e725722536233a4d6cda52cae70e1f39325e3b6b/social-pack/facebook/post-084.jpg,"Trust & Offers",084
2026-10-21,07:30,"Shailer Park, Cornubia & Daisy Hill! 🌿 Bushland on the doorstep is beautiful — and busy. We keep the wildlife’s hangers-on out of your yard. 📞 (07) 3113 9666 #ShailerPark #LoganPestControl #SlugABug",https://raw.githubusercontent.com/Buglif69/Bugboss/e725722536233a4d6cda52cae70e1f39325e3b6b/social-pack/facebook/post-047.jpg,"Suburb Spotlight",047
2026-10-22,07:30,"Retail managers: stock loss sometimes has six legs (or four, and a tail 🐀). Gnawed packaging and failed audits compound daily — scheduled monitoring stops the bleed. 📞 (07) 3113 9666 #Retail #StockLoss #SlugABug",https://raw.githubusercontent.com/Buglif69/Bugboss/e725722536233a4d6cda52cae70e1f39325e3b6b/social-pack/facebook/post-057.jpg,"Commercial",057
2026-10-23,07:30,"Rodent teeth never stop growing — so they never stop chewing. Wiring, pipes, timber… rodent-damaged cables are a leading cause of unexplained house fires. 🔥 📞 (07) 3113 9666 #RodentControl #BrisbanePestControl #SlugABug",https://raw.githubusercontent.com/Buglif69/Bugboss/e725722536233a4d6cda52cae70e1f39325e3b6b/social-pack/facebook/post-029.jpg,"Did You Know",029
2026-10-24,07:30,"5 stars is the only rating we chase — 1,200+ reviews came from turning up on time, doing it properly, and honouring the guarantee. That’s the whole trick. ⭐ 📞 (07) 3113 9666 #FiveStars #BrisbanePestControl #SlugABug",https://raw.githubusercontent.com/Buglif69/Bugboss/e725722536233a4d6cda52cae70e1f39325e3b6b/social-pack/facebook/post-085.jpg,"Trust & Offers",085
2026-10-25,07:30,"Silverfish can survive a YEAR without eating — but with your books, photos and clothes on the menu, they don’t have to. 📚 📞 (07) 3113 9666 #Silverfish #BrisbanePestControl #SlugABug",https://raw.githubusercontent.com/Buglif69/Bugboss/e725722536233a4d6cda52cae70e1f39325e3b6b/social-pack/facebook/post-030.jpg,"Did You Know",030
2026-10-26,07:30,"20+ years in the same Brisbane suburbs teaches you things you can’t google — where termites press hardest, which streets get ants after storms, what a Queenslander subfloor hides. 📞 (07) 3113 9666 #LocalKnowledge #Brisbane #SlugABug",https://raw.githubusercontent.com/Buglif69/Bugboss/e725722536233a4d6cda52cae70e1f39325e3b6b/social-pack/facebook/post-086.jpg,"Trust & Offers",086
2026-10-27,07:30,"By late summer a single wasp nest can hold 6,000 residents. 🐝 Please don’t introduce it to your broom — we remove nests safely and stop the rebuild. 📞 (07) 3113 9666 #WaspRemoval #BrisbanePestControl #SlugABug",https://raw.githubusercontent.com/Buglif69/Bugboss/e725722536233a4d6cda52cae70e1f39325e3b6b/social-pack/facebook/post-031.jpg,"Did You Know",031
2026-10-28,07:30,"Every tech licensed, every job insured — no subcontracted mystery guests. Ask to see the licence at the door; our techs love that question. 📋 📞 (07) 3113 9666 #Licensed #BrisbanePestControl #SlugABug",https://raw.githubusercontent.com/Buglif69/Bugboss/e725722536233a4d6cda52cae70e1f39325e3b6b/social-pack/facebook/post-087.jpg,"Trust & Offers",087
2026-10-29,07:30,"A cockroach can hit 5km/h — scaled to our size, that’s sprinting at 300km/h. 🏃 You won’t win with a thong. One treatment gets the whole family. 📞 (07) 3113 9666 #CockroachControl #BrisbanePestControl #SlugABug",https://raw.githubusercontent.com/Buglif69/Bugboss/e725722536233a4d6cda52cae70e1f39325e3b6b/social-pack/facebook/post-032.jpg,"Did You Know",032
2026-10-30,07:30,"Our promise: pests back within 30 days → we re-treat FREE. Still unhappy → refund + $25. We can only offer that because it almost never happens. 📞 (07) 3113 9666 #Guarantee #BrisbanePestControl #SlugABug",https://raw.githubusercontent.com/Buglif69/Bugboss/e725722536233a4d6cda52cae70e1f39325e3b6b/social-pack/facebook/post-088.jpg,"Trust & Offers",088
2026-10-31,07:30,"One female bed bug can lay 500 eggs in her lifetime — a few bites becomes every-room-in-the-house within weeks. Early treatment is everything. 📞 (07) 3113 9666 #BedBugs #BrisbanePestControl #SlugABug",https://raw.githubusercontent.com/Buglif69/Bugboss/e725722536233a4d6cda52cae70e1f39325e3b6b/social-pack/facebook/post-033.jpg,"Did You Know",033
2026-11-01,07:30,"Wherever you’re reading this — you’re not far from a spider. 🕷️ Most are harmless; redbacks and white-tails are the Brisbane exceptions. A perimeter treatment keeps them out of reach. 📞 (07) 3113 9666 #SpiderControl #Brisbane #SlugABug",https://raw.githubusercontent.com/Buglif69/Bugboss/e725722536233a4d6cda52cae70e1f39325e3b6b/social-pack/facebook/post-034.jpg,"Did You Know",034
2026-11-02,07:30,"Termites never sleep — they eat 24/7, no weekends, no public holidays. 😳 The only defence is catching them early. 📞 (07) 3113 9666 #Termites #TermiteInspection #SlugABug",https://raw.githubusercontent.com/Buglif69/Bugboss/e725722536233a4d6cda52cae70e1f39325e3b6b/social-pack/facebook/post-035.jpg,"Did You Know",035
2026-11-03,07:30,"A flea can jump 150 times its own height — straight from the lawn onto your pet, and from the carpet onto you. Treat yard + house + pet the same week. 📞 (07) 3113 9666 #FleaTreatment #BrisbanePets #SlugABug",https://raw.githubusercontent.com/Buglif69/Bugboss/e725722536233a4d6cda52cae70e1f39325e3b6b/social-pack/facebook/post-036.jpg,"Did You Know",036
2026-11-04,07:30,"Huntsmen actually eat cockroaches — nature’s pest control. But if eight legs on the sun visor isn’t your vibe, we’ll keep them (and their dinner) outdoors. 🕷️ 📞 (07) 3113 9666 #Huntsman #BrisbanePestControl #SlugABug",https://raw.githubusercontent.com/Buglif69/Bugboss/e725722536233a4d6cda52cae70e1f39325e3b6b/social-pack/facebook/post-037.jpg,"Did You Know",037
2026-11-05,07:30,"Average termite repair bill in Australia: $10,000+. Annual inspection: a few hundred. Insurance covers neither the damage nor the maths. 🧮 📞 (07) 3113 9666 #Termites #BrisbaneHomes #SlugABug",https://raw.githubusercontent.com/Buglif69/Bugboss/e725722536233a4d6cda52cae70e1f39325e3b6b/social-pack/facebook/post-095.jpg,"Did You Know",095
2026-11-06,07:30,"Cockroaches aren’t just gross — droppings and shed skins become airborne allergens and a recognised asthma trigger, especially for kids. A roach-free home literally breathes easier. 📞 (07) 3113 9666 #AsthmaAwareness #HealthyHome #SlugABug",https://raw.githubusercontent.com/Buglif69/Bugboss/e725722536233a4d6cda52cae70e1f39325e3b6b/social-pack/facebook/post-096.jpg,"Did You Know",096
2026-11-07,07:30,"Read your home insurance PDS: termite damage is almost always excluded. Prevention is the only cover you can actually buy. 📄 📞 (07) 3113 9666 #Termites #HomeInsurance #SlugABug",https://raw.githubusercontent.com/Buglif69/Bugboss/e725722536233a4d6cda52cae70e1f39325e3b6b/social-pack/facebook/post-097.jpg,"Did You Know",097
2026-11-08,07:30,"Brisbane’s subtropical climate means pests get no winter die-off — 365 days of activity a year. The upside? Year-round protection works year-round too. 🌏 📞 (07) 3113 9666 #Brisbane #PestControl #SlugABug",https://raw.githubusercontent.com/Buglif69/Bugboss/e725722536233a4d6cda52cae70e1f39325e3b6b/social-pack/facebook/post-098.jpg,"Did You Know",098
2026-11-09,07:30,"The deadliest animal on Earth isn’t a shark or a snake — it’s the mosquito, spreader of more disease than anything alive. In QLD that includes Ross River virus. 🦟 📞 (07) 3113 9666 #Mosquitoes #QLDHealth #SlugABug",https://raw.githubusercontent.com/Buglif69/Bugboss/e725722536233a4d6cda52cae70e1f39325e3b6b/social-pack/facebook/post-099.jpg,"Did You Know",099
2026-11-10,07:30,"Post #100! 🎉 Whatever’s crawling, scurrying, swarming or silently chewing — one call sorts it. Save the number, use it once a year. 📞 (07) 3113 9666 #SlugABug #BrisbanePestControl #FamilyOwned",https://raw.githubusercontent.com/Buglif69/Bugboss/e725722536233a4d6cda52cae70e1f39325e3b6b/social-pack/facebook/post-100.jpg,"Trust & Offers",100
